country,latitude,longitude,speed_kmh,type,flags,source_file
Algeria,36.137602,0.784792,0,128,1024,Algeria_osm.spc
Algeria,36.138166,0.786837,0,128,1024,Algeria_osm.spc
Algeria,36.136639,0.799084,0,128,1024,Algeria_osm.spc
Algeria,36.137322,0.802031,0,128,1024,Algeria_osm.spc
Algeria,36.137886,0.80378,0,128,1024,Algeria_osm.spc
Algeria,36.178458,1.3581,0,128,1024,Algeria_osm.spc
Algeria,36.144336,1.37623,0,128,1024,Algeria_osm.spc
Algeria,36.145612,1.384466,0,128,1024,Algeria_osm.spc
Algeria,36.140302,1.479644,0,128,1024,Algeria_osm.spc
Algeria,36.139504,1.517703,0,128,1024,Algeria_osm.spc
Algeria,35.450295,1.81031,0,128,1024,Algeria_osm.spc
Algeria,36.262621,2.20014,0,128,1024,Algeria_osm.spc
Algeria,36.449533,2.684915,0,128,1024,Algeria_osm.spc
Algeria,36.667716,2.737595,0,128,1024,Algeria_osm.spc
Algeria,36.67888,2.774891,0,128,1024,Algeria_osm.spc
Algeria,36.700588,2.827274,0,128,1024,Algeria_osm.spc
Algeria,36.722535,2.838712,0,128,1024,Algeria_osm.spc
Algeria,36.721586,2.857968,0,128,1024,Algeria_osm.spc
Algeria,36.739714,2.902528,0,128,1024,Algeria_osm.spc
Algeria,36.741504,2.915067,80,128,1024,Algeria_osm.spc
Algeria,36.692926,2.959663,0,128,1024,Algeria_osm.spc
Algeria,36.681417,2.990399,120,128,1024,Algeria_osm.spc
Algeria,35.705993,2.842465,0,128,1024,Algeria_osm.spc
Algeria,33.871703,2.85718,0,128,1024,Algeria_osm.spc
Algeria,33.850396,2.868292,0,128,1024,Algeria_osm.spc
Algeria,33.845829,2.873357,0,128,1024,Algeria_osm.spc
Algeria,36.759452,2.966417,0,128,1024,Algeria_osm.spc
Algeria,35.213515,3.02368,0,128,1024,Algeria_osm.spc
Algeria,36.773257,3.024377,0,128,1024,Algeria_osm.spc
Algeria,36.777865,3.053345,0,128,1024,Algeria_osm.spc
Algeria,36.770872,3.06074,0,128,1024,Algeria_osm.spc
Algeria,36.707176,3.047658,0,128,1024,Algeria_osm.spc
Algeria,36.722056,3.106478,0,128,1024,Algeria_osm.spc
Algeria,36.708919,3.106547,0,128,1024,Algeria_osm.spc
Algeria,36.645934,3.108132,0,128,1024,Algeria_osm.spc
Algeria,36.698855,3.12053,0,128,1024,Algeria_osm.spc
Algeria,36.740468,3.121849,0,128,1024,Algeria_osm.spc
Algeria,36.740742,3.122169,0,128,1024,Algeria_osm.spc
Algeria,36.734318,3.147901,80,128,1024,Algeria_osm.spc
Algeria,36.732912,3.150809,80,128,1024,Algeria_osm.spc
Algeria,36.728727,3.159042,0,128,1024,Algeria_osm.spc
Algeria,36.727446,3.180513,0,128,1024,Algeria_osm.spc
Algeria,36.739855,3.195355,0,128,1024,Algeria_osm.spc
Algeria,36.738419,3.195692,0,128,1024,Algeria_osm.spc
Algeria,36.73832,3.195824,60,128,1024,Algeria_osm.spc
Algeria,36.735494,3.196008,0,128,1024,Algeria_osm.spc
Algeria,36.728152,3.196544,0,128,1024,Algeria_osm.spc
Algeria,36.725616,3.198424,60,128,1024,Algeria_osm.spc
Algeria,36.707285,3.209278,0,128,1024,Algeria_osm.spc
Algeria,36.714721,3.237045,0,128,1024,Algeria_osm.spc
Algeria,34.940328,3.054776,0,128,1024,Algeria_osm.spc
Algeria,34.830014,3.114972,0,128,1024,Algeria_osm.spc
Algeria,34.741921,3.187821,0,128,1024,Algeria_osm.spc
Algeria,34.698077,3.237175,0,128,1024,Algeria_osm.spc
Algeria,34.467357,3.233794,0,128,1024,Algeria_osm.spc
Algeria,34.627763,3.25008,0,128,1024,Algeria_osm.spc
Algeria,36.692805,3.276253,0,128,1024,Algeria_osm.spc
Algeria,36.723307,3.3488,0,128,1024,Algeria_osm.spc
Algeria,32.446598,3.701008,0,128,1024,Algeria_osm.spc
Algeria,36.354478,3.911703,0,128,1024,Algeria_osm.spc
Algeria,36.896957,4.026873,30,128,1024,Algeria_osm.spc
Algeria,36.316157,4.156418,100,128,1024,Algeria_osm.spc
Algeria,36.066587,4.834242,0,128,1024,Algeria_osm.spc
Algeria,34.496189,5.051732,0,128,1024,Algeria_osm.spc
Algeria,31.924728,5.07665,0,128,1024,Algeria_osm.spc
Algeria,34.660947,5.107929,60,128,1024,Algeria_osm.spc
Algeria,34.671138,5.109557,0,128,1024,Algeria_osm.spc
Algeria,34.739194,5.1804,80,128,1024,Algeria_osm.spc
Algeria,36.155885,5.270201,0,128,1024,Algeria_osm.spc
Algeria,36.162512,5.323594,120,128,1024,Algeria_osm.spc
Algeria,36.160651,5.335561,0,128,1024,Algeria_osm.spc
Algeria,36.193179,5.353648,50,128,1024,Algeria_osm.spc
Algeria,36.157906,5.359666,120,128,1024,Algeria_osm.spc
Algeria,36.151594,5.425623,0,128,1024,Algeria_osm.spc
Algeria,36.160374,5.448374,120,128,1024,Algeria_osm.spc
Algeria,36.171598,5.481531,120,128,1024,Algeria_osm.spc
Algeria,36.174881,5.508878,120,128,1024,Algeria_osm.spc
Algeria,36.175643,5.518139,120,128,1024,Algeria_osm.spc
Algeria,36.172084,5.529498,120,128,1024,Algeria_osm.spc
Algeria,36.163349,5.550313,120,128,1024,Algeria_osm.spc
Algeria,36.15906,5.566815,120,128,1024,Algeria_osm.spc
Algeria,36.170477,5.637217,120,128,1024,Algeria_osm.spc
Algeria,36.176675,5.677507,0,128,1024,Algeria_osm.spc
Algeria,36.176146,5.684412,0,128,1024,Algeria_osm.spc
Algeria,36.174127,5.695415,120,128,1024,Algeria_osm.spc
Algeria,34.795984,5.614962,80,128,1024,Algeria_osm.spc
Algeria,34.931083,5.662703,80,128,1024,Algeria_osm.spc
Algeria,34.834335,5.690074,80,128,1024,Algeria_osm.spc
Algeria,34.838173,5.697369,80,128,1024,Algeria_osm.spc
Algeria,34.796011,5.717736,0,128,1024,Algeria_osm.spc
Algeria,34.777854,5.730723,0,128,1024,Algeria_osm.spc
Algeria,34.75666,5.735237,80,128,1024,Algeria_osm.spc
Algeria,36.163939,5.798212,120,128,1024,Algeria_osm.spc
Algeria,36.146982,5.835515,120,128,1024,Algeria_osm.spc
Algeria,36.146793,5.835536,120,128,1024,Algeria_osm.spc
Algeria,36.13941,5.873295,120,128,1024,Algeria_osm.spc
Algeria,36.133447,5.947669,120,128,1024,Algeria_osm.spc
Algeria,36.133306,5.94775,120,128,1024,Algeria_osm.spc
Algeria,33.994797,5.882441,0,128,1024,Algeria_osm.spc
Algeria,33.637001,5.962733,0,128,1024,Algeria_osm.spc
Algeria,36.429996,6.077832,0,128,1024,Algeria_osm.spc
Algeria,36.143153,6.107434,0,128,1024,Algeria_osm.spc
Algeria,36.141817,6.124242,0,128,1024,Algeria_osm.spc
Algeria,36.182491,6.185217,0,128,1024,Algeria_osm.spc
Algeria,36.179912,6.246335,0,128,1024,Algeria_osm.spc
Algeria,36.182451,6.250109,0,128,1024,Algeria_osm.spc
Algeria,36.244983,6.387186,0,128,1024,Algeria_osm.spc
Algeria,34.083944,6.335578,80,128,1024,Algeria_osm.spc
Algeria,36.281119,6.512575,0,128,1024,Algeria_osm.spc
Algeria,36.320204,6.578208,0,128,1024,Algeria_osm.spc
Algeria,36.312215,6.5789,0,128,1024,Algeria_osm.spc
Algeria,33.688261,6.697347,80,128,1024,Algeria_osm.spc
Algeria,33.669116,6.713628,80,128,1024,Algeria_osm.spc
Algeria,33.666029,6.715776,80,128,1024,Algeria_osm.spc
Algeria,33.649088,6.73427,80,128,1024,Algeria_osm.spc
Algeria,33.62588,6.737694,80,128,1024,Algeria_osm.spc
Algeria,35.860815,7.158258,0,128,1024,Algeria_osm.spc
Algeria,36.367941,7.232094,0,128,1024,Algeria_osm.spc
Algeria,36.734051,7.250259,0,128,1024,Algeria_osm.spc
Algeria,35.711421,7.34054,0,128,1024,Algeria_osm.spc
Algeria,36.81087,7.346055,0,128,1024,Algeria_osm.spc
Algeria,36.840511,7.438163,0,128,1024,Algeria_osm.spc
Algeria,36.82609,7.61457,0,128,1024,Algeria_osm.spc
Algeria,36.858348,7.711124,0,128,1024,Algeria_osm.spc
Andorra,42.479835,1.489459,70,128,1024,Andorra_osm.spc
Andorra,42.552453,1.508456,0,128,1024,Andorra_osm.spc
Andorra,42.52537,1.5206,0,128,1024,Andorra_osm.spc
Andorra,42.518923,1.524398,0,128,1024,Andorra_osm.spc
Andorra,42.510765,1.532716,0,128,1024,Andorra_osm.spc
Andorra,42.507063,1.537556,60,128,1024,Andorra_osm.spc
Andorra,42.521825,1.559404,70,128,1024,Andorra_osm.spc
Andorra,42.523205,1.561516,0,128,1024,Andorra_osm.spc
Andorra,42.57986,1.659489,0,128,1024,Andorra_osm.spc
Andorra,42.548,1.69809,0,128,1024,Andorra_osm.spc
Andorra,42.548,1.69809,60,128,1024,Andorra_osm.spc
Austria,47.129944,10.064608,100,128,1024,Austria_osm.spc
Austria,47.139539,10.158074,50,128,1024,Austria_osm.spc
Austria,47.128988,10.267996,50,128,1024,Austria_osm.spc
Austria,47.085077,10.467614,50,128,1024,Austria_osm.spc
Austria,47.291476,10.437412,0,128,1024,Austria_osm.spc
Austria,46.889529,10.499771,50,128,1024,Austria_osm.spc
Austria,47.138274,10.528173,100,128,1024,Austria_osm.spc
Austria,47.138253,10.528269,100,128,1024,Austria_osm.spc
Austria,47.152578,10.561832,0,128,1024,Austria_osm.spc
Austria,47.016943,10.60726,80,128,1024,Austria_osm.spc
Austria,47.217165,10.727184,130,128,1024,Austria_osm.spc
Austria,47.217169,10.727267,130,128,1024,Austria_osm.spc
Austria,47.217142,10.728109,130,128,1024,Austria_osm.spc
Austria,47.217047,10.730468,130,128,1024,Austria_osm.spc
Austria,46.969697,10.535904,50,128,1024,Austria_osm.spc
Austria,47.413369,10.583038,0,128,1024,Austria_osm.spc
Austria,47.30789,10.585196,0,128,1024,Austria_osm.spc
Austria,47.492398,10.587056,40,128,1024,Austria_osm.spc
Austria,47.491867,10.587975,0,128,1024,Austria_osm.spc
Austria,47.443759,10.640709,0,128,1024,Austria_osm.spc
Austria,47.498402,10.719844,0,128,1024,Austria_osm.spc
Austria,47.448534,10.740802,0,128,1024,Austria_osm.spc
Austria,47.496872,10.742763,0,128,1024,Austria_osm.spc
Austria,47.513391,10.717919,0,128,1024,Austria_osm.spc
Austria,47.510143,10.718874,0,128,1024,Austria_osm.spc
Austria,47.277451,10.792778,60,128,1024,Austria_osm.spc
Austria,47.382471,10.881408,80,128,1024,Austria_osm.spc
Austria,47.300231,10.913449,50,128,1024,Austria_osm.spc
Austria,47.300094,10.919437,50,128,1024,Austria_osm.spc
Austria,47.300142,10.919449,50,128,1024,Austria_osm.spc
Austria,47.26414,10.923177,50,128,1024,Austria_osm.spc
Austria,47.114019,10.79726,0,128,1024,Austria_osm.spc
Austria,47.056157,10.854955,0,128,1024,Austria_osm.spc
Austria,47.200023,10.900643,50,128,1024,Austria_osm.spc
Austria,47.174105,10.910144,60,128,1024,Austria_osm.spc
Austria,47.099173,10.953451,0,128,1024,Austria_osm.spc
Austria,47.050467,10.96606,0,128,1024,Austria_osm.spc
Austria,47.309769,11.059029,0,128,1024,Austria_osm.spc
Austria,47.309571,11.069147,40,128,1024,Austria_osm.spc
Austria,47.309101,11.076143,40,128,1024,Austria_osm.spc
Austria,47.313711,11.078961,40,128,1024,Austria_osm.spc
Austria,47.313422,11.080769,40,128,1024,Austria_osm.spc
Austria,47.289103,11.221285,50,128,1024,Austria_osm.spc
Austria,47.288785,11.221969,50,128,1024,Austria_osm.spc
Austria,47.276249,11.244567,80,128,1024,Austria_osm.spc
Austria,47.196621,11.151451,50,128,1024,Austria_osm.spc
Austria,47.194684,11.159496,50,128,1024,Austria_osm.spc
Austria,47.25685,11.309644,50,128,1024,Austria_osm.spc
Austria,47.269321,11.354115,30,128,1024,Austria_osm.spc
Austria,47.26335,11.356217,0,128,1024,Austria_osm.spc
Austria,47.25972,11.3619,50,128,1024,Austria_osm.spc
Austria,47.262646,11.3728,0,128,1024,Austria_osm.spc
Austria,47.274211,11.389424,0,128,1024,Austria_osm.spc
Austria,47.276107,11.396384,0,128,1024,Austria_osm.spc
Austria,47.257924,11.406629,50,128,1024,Austria_osm.spc
Austria,47.270872,11.417378,50,128,1024,Austria_osm.spc
Austria,47.260829,11.419194,0,128,1024,Austria_osm.spc
Austria,47.282038,11.421367,0,128,1024,Austria_osm.spc
Austria,47.274279,11.435691,0,128,1024,Austria_osm.spc
Austria,47.283144,11.493247,30,128,1024,Austria_osm.spc
Austria,47.150606,11.354122,50,128,1024,Austria_osm.spc
Austria,47.185159,11.400096,60,128,1024,Austria_osm.spc
Austria,47.234843,11.402404,30,128,1024,Austria_osm.spc
Austria,47.186099,11.404814,0,128,1024,Austria_osm.spc
Austria,47.230638,11.406657,30,128,1024,Austria_osm.spc
Austria,47.284996,11.510873,0,128,1024,Austria_osm.spc
Austria,47.283209,11.518379,0,128,1024,Austria_osm.spc
Austria,47.303544,11.527334,40,128,1024,Austria_osm.spc
Austria,47.293068,11.527891,0,128,1024,Austria_osm.spc
Austria,47.299602,11.528027,40,128,1024,Austria_osm.spc
Austria,47.280242,11.528459,0,128,1024,Austria_osm.spc
Austria,47.289743,11.52857,40,128,1024,Austria_osm.spc
Austria,47.287083,11.533848,30,128,1024,Austria_osm.spc
Austria,47.320931,11.588745,40,128,1024,Austria_osm.spc
Austria,47.301122,11.629837,0,128,1024,Austria_osm.spc
Austria,47.333568,11.68239,100,128,1024,Austria_osm.spc
Austria,47.334274,11.683005,100,128,1024,Austria_osm.spc
Austria,47.334779,11.68341,100,128,1024,Austria_osm.spc
Austria,47.334829,11.683445,100,128,1024,Austria_osm.spc
Austria,47.338469,11.683726,0,128,1024,Austria_osm.spc
Austria,47.365362,11.732163,70,128,1024,Austria_osm.spc
Austria,47.37645,11.747754,0,128,1024,Austria_osm.spc
Austria,47.425871,11.749018,70,128,1024,Austria_osm.spc
Austria,47.518155,11.708767,70,128,1024,Austria_osm.spc
Austria,47.411482,11.849378,0,128,1024,Austria_osm.spc
Austria,47.436552,11.875763,0,128,1024,Austria_osm.spc
Austria,47.46894,11.957705,0,128,1024,Austria_osm.spc
Austria,47.479805,11.992212,100,128,1024,Austria_osm.spc
Austria,47.479925,11.993177,0,128,1024,Austria_osm.spc
Austria,47.20424,11.869711,0,128,1024,Austria_osm.spc
Austria,47.207743,11.871573,50,128,1024,Austria_osm.spc
Austria,47.230719,11.880731,50,128,1024,Austria_osm.spc
Austria,47.482949,12.010819,100,128,1024,Austria_osm.spc
Austria,47.482964,12.010894,100,128,1024,Austria_osm.spc
Austria,47.483138,12.01171,100,128,1024,Austria_osm.spc
Austria,47.485254,12.058687,0,128,1024,Austria_osm.spc
Austria,47.484219,12.065007,0,128,1024,Austria_osm.spc
Austria,47.494705,12.065544,0,128,1024,Austria_osm.spc
Austria,47.493764,12.06918,0,128,1024,Austria_osm.spc
Austria,47.48463,12.069841,0,128,1024,Austria_osm.spc
Austria,47.486118,12.072192,0,128,1024,Austria_osm.spc
Austria,47.499614,12.096209,0,128,1024,Austria_osm.spc
Austria,47.487993,12.097278,0,128,1024,Austria_osm.spc
Austria,47.486947,12.111832,0,128,1024,Austria_osm.spc
Austria,47.506835,12.065577,0,128,1024,Austria_osm.spc
Austria,47.502307,12.073819,0,128,1024,Austria_osm.spc
Austria,47.51268,12.087728,0,128,1024,Austria_osm.spc
Austria,47.523945,12.091107,50,128,1024,Austria_osm.spc
Austria,47.515655,12.09177,0,128,1024,Austria_osm.spc
Austria,47.515088,12.091879,50,128,1024,Austria_osm.spc
Austria,47.546803,12.102296,0,128,1024,Austria_osm.spc
Austria,47.52675,12.106663,0,128,1024,Austria_osm.spc
Austria,47.584174,12.15798,50,128,1024,Austria_osm.spc
Austria,47.587386,12.17031,0,128,1024,Austria_osm.spc
Austria,47.585975,12.17604,0,128,1024,Austria_osm.spc
Austria,47.589948,12.178572,30,128,1024,Austria_osm.spc
Austria,47.526563,12.183055,0,128,1024,Austria_osm.spc
Austria,47.522235,12.191724,70,128,1024,Austria_osm.spc
Austria,47.522172,12.254851,60,128,1024,Austria_osm.spc
Austria,47.476812,12.344812,0,128,1024,Austria_osm.spc
Austria,47.483959,12.346075,0,128,1024,Austria_osm.spc
Austria,47.449253,12.392657,0,128,1024,Austria_osm.spc
Austria,47.376265,12.41918,50,128,1024,Austria_osm.spc
Austria,47.41822,12.421618,50,128,1024,Austria_osm.spc
Austria,47.120654,12.505663,80,128,1024,Austria_osm.spc
Austria,47.00154,12.542213,0,128,1024,Austria_osm.spc
Austria,47.589051,12.555937,60,128,1024,Austria_osm.spc
Austria,47.588925,12.556678,60,128,1024,Austria_osm.spc
Austria,46.946382,12.565579,0,128,1024,Austria_osm.spc
Austria,46.771261,12.600493,0,128,1024,Austria_osm.spc
Austria,46.872799,12.680182,0,128,1024,Austria_osm.spc
Austria,47.464884,12.602611,50,128,1024,Austria_osm.spc
Austria,46.825076,12.755937,0,128,1024,Austria_osm.spc
Austria,46.813359,12.844882,80,128,1024,Austria_osm.spc
Austria,46.779591,12.89527,0,128,1024,Austria_osm.spc
Austria,47.066741,12.775899,50,128,1024,Austria_osm.spc
Austria,47.055868,12.805447,0,128,1024,Austria_osm.spc
Austria,47.14379,12.81544,50,128,1024,Austria_osm.spc
Austria,47.345505,12.799172,0,128,1024,Austria_osm.spc
Austria,47.435497,12.84266,50,128,1024,Austria_osm.spc
Austria,47.427075,12.848052,20,128,1024,Austria_osm.spc
Austria,47.291551,12.962495,0,128,1024,Austria_osm.spc
Austria,47.92226,12.972718,0,128,1024,Austria_osm.spc
Austria,47.921482,12.973012,0,128,1024,Austria_osm.spc
Austria,47.784449,12.980961,0,128,1024,Austria_osm.spc
Austria,47.78509,12.981068,100,128,1024,Austria_osm.spc
Austria,47.784394,12.98144,100,128,1024,Austria_osm.spc
Austria,47.794359,12.984245,0,128,1024,Austria_osm.spc
Austria,47.797442,12.986827,0,128,1024,Austria_osm.spc
Austria,47.799828,12.988648,0,128,1024,Austria_osm.spc
Austria,47.80048,12.98915,0,128,1024,Austria_osm.spc
Austria,46.671054,13.000675,50,128,1024,Austria_osm.spc
Austria,46.740917,13.029401,70,128,1024,Austria_osm.spc
Austria,47.812524,13.007122,0,128,1024,Austria_osm.spc
Austria,47.809705,13.010878,0,128,1024,Austria_osm.spc
Austria,47.871489,13.012161,0,128,1024,Austria_osm.spc
Austria,47.871546,13.012284,0,128,1024,Austria_osm.spc
Austria,47.809321,13.012396,0,128,1024,Austria_osm.spc
Austria,47.823976,13.01313,80,128,1024,Austria_osm.spc
Austria,47.756821,13.015188,40,128,1024,Austria_osm.spc
Belgium,50.933238,2.744745,0,128,1024,Belgium_osm.spc
Belgium,51.068136,2.793446,0,128,1024,Belgium_osm.spc
Belgium,51.204343,2.863735,50,128,1024,Belgium_osm.spc
Belgium,51.031424,2.878503,50,128,1024,Belgium_osm.spc
Belgium,51.214181,2.885969,50,128,1024,Belgium_osm.spc
Belgium,51.098425,2.88775,70,128,1024,Belgium_osm.spc
Belgium,51.110061,2.89059,70,128,1024,Belgium_osm.spc
Belgium,51.21889,2.896507,50,128,1024,Belgium_osm.spc
Belgium,51.025393,2.908634,0,128,1024,Belgium_osm.spc
Belgium,51.214546,2.920629,70,128,1024,Belgium_osm.spc
Belgium,51.160484,2.935922,0,128,1024,Belgium_osm.spc
Belgium,51.157853,2.940494,0,128,1024,Belgium_osm.spc
Belgium,51.226698,2.941505,0,128,1024,Belgium_osm.spc
Belgium,51.149623,2.953563,0,128,1024,Belgium_osm.spc
Belgium,51.149227,2.953822,0,128,1024,Belgium_osm.spc
Belgium,51.149721,2.954166,0,128,1024,Belgium_osm.spc
Belgium,51.149377,2.954349,0,128,1024,Belgium_osm.spc
Belgium,51.15718,2.970953,30,128,1024,Belgium_osm.spc
Belgium,51.131142,2.983743,0,128,1024,Belgium_osm.spc
Belgium,51.07396,2.9843,0,128,1024,Belgium_osm.spc
Belgium,51.073839,2.984359,0,128,1024,Belgium_osm.spc
Belgium,50.853549,2.801326,90,128,1024,Belgium_osm.spc
Belgium,50.782371,2.83419,0,128,1024,Belgium_osm.spc
Belgium,50.86431,2.859207,0,128,1024,Belgium_osm.spc
Belgium,50.863867,2.859463,0,128,1024,Belgium_osm.spc
Belgium,50.864549,2.859884,0,128,1024,Belgium_osm.spc
Belgium,50.864438,2.860024,0,128,1024,Belgium_osm.spc
Belgium,50.78438,2.87658,0,128,1024,Belgium_osm.spc
Belgium,50.870945,2.887003,0,128,1024,Belgium_osm.spc
Belgium,50.871186,2.888387,0,128,1024,Belgium_osm.spc
Belgium,50.967654,2.904693,0,128,1024,Belgium_osm.spc
Belgium,50.919525,2.917323,50,128,1024,Belgium_osm.spc
Belgium,50.875538,2.917998,0,128,1024,Belgium_osm.spc
Belgium,50.889426,2.936225,0,128,1024,Belgium_osm.spc
Belgium,50.891307,2.937437,0,128,1024,Belgium_osm.spc
Belgium,51.120679,3.000497,0,128,1024,Belgium_osm.spc
Belgium,51.120335,3.00145,0,128,1024,Belgium_osm.spc
Belgium,51.114898,3.010208,0,128,1024,Belgium_osm.spc
Belgium,51.021036,3.013801,0,128,1024,Belgium_osm.spc
Belgium,51.022462,3.044399,0,128,1024,Belgium_osm.spc
Belgium,51.228958,3.206106,50,128,1024,Belgium_osm.spc
Belgium,51.20957,3.213462,0,128,1024,Belgium_osm.spc
Belgium,51.199107,3.218833,50,128,1024,Belgium_osm.spc
Belgium,51.101661,3.22414,0,128,1024,Belgium_osm.spc
Belgium,51.100907,3.224639,0,128,1024,Belgium_osm.spc
Belgium,51.198668,3.230179,0,128,1024,Belgium_osm.spc
Belgium,51.221051,3.234862,0,128,1024,Belgium_osm.spc
Belgium,51.216843,3.238255,0,128,1024,Belgium_osm.spc
Belgium,50.930909,3.014918,0,128,1024,Belgium_osm.spc
Belgium,50.788657,3.015922,90,128,1024,Belgium_osm.spc
Belgium,50.782013,3.02774,50,128,1024,Belgium_osm.spc
Belgium,50.93681,3.055618,0,128,1024,Belgium_osm.spc
Belgium,50.943177,3.058972,0,128,1024,Belgium_osm.spc
Belgium,50.780845,3.067664,50,128,1024,Belgium_osm.spc
Belgium,50.7961,3.069846,90,128,1024,Belgium_osm.spc
Belgium,50.942657,3.078512,0,128,1024,Belgium_osm.spc
Belgium,50.946697,3.098223,90,128,1024,Belgium_osm.spc
Belgium,50.946001,3.098362,90,128,1024,Belgium_osm.spc
Belgium,50.951523,3.098681,0,128,1024,Belgium_osm.spc
Belgium,50.952258,3.099008,0,128,1024,Belgium_osm.spc
Belgium,50.950861,3.099108,0,128,1024,Belgium_osm.spc
Belgium,50.939191,3.099134,90,128,1024,Belgium_osm.spc
Belgium,50.951515,3.09949,0,128,1024,Belgium_osm.spc
Belgium,50.938495,3.099826,90,128,1024,Belgium_osm.spc
Belgium,50.961666,3.100899,0,128,1024,Belgium_osm.spc
Belgium,50.960303,3.101082,0,128,1024,Belgium_osm.spc
Belgium,50.933988,3.101388,0,128,1024,Belgium_osm.spc
Belgium,50.933355,3.101841,0,128,1024,Belgium_osm.spc
Belgium,50.928029,3.105904,0,128,1024,Belgium_osm.spc
Belgium,50.92762,3.10689,0,128,1024,Belgium_osm.spc
Belgium,50.981114,3.132028,0,128,1024,Belgium_osm.spc
Belgium,50.981243,3.132839,0,128,1024,Belgium_osm.spc
Belgium,50.950982,3.137892,50,128,1024,Belgium_osm.spc
Belgium,50.951248,3.137949,50,128,1024,Belgium_osm.spc
Belgium,50.951147,3.138555,50,128,1024,Belgium_osm.spc
Belgium,50.950892,3.138581,50,128,1024,Belgium_osm.spc
Belgium,50.922821,3.139225,0,128,1024,Belgium_osm.spc
Belgium,50.922715,3.1404,70,128,1024,Belgium_osm.spc
Belgium,50.866765,3.15053,0,128,1024,Belgium_osm.spc
Belgium,50.921786,3.157574,70,128,1024,Belgium_osm.spc
Belgium,50.921942,3.158739,70,128,1024,Belgium_osm.spc
Belgium,50.975782,3.164291,0,128,1024,Belgium_osm.spc
Belgium,50.782174,3.164841,0,128,1024,Belgium_osm.spc
Belgium,50.975633,3.165636,0,128,1024,Belgium_osm.spc
Belgium,50.881429,3.18097,50,128,1024,Belgium_osm.spc
Belgium,50.809518,3.186042,50,128,1024,Belgium_osm.spc
Belgium,50.768463,3.192142,70,128,1024,Belgium_osm.spc
Belgium,50.813426,3.198978,50,128,1024,Belgium_osm.spc
Belgium,50.803383,3.221375,50,128,1024,Belgium_osm.spc
Belgium,50.925491,3.224479,50,128,1024,Belgium_osm.spc
Belgium,50.811853,3.235368,50,128,1024,Belgium_osm.spc
Belgium,50.797146,3.241649,70,128,1024,Belgium_osm.spc
Belgium,50.88991,3.247328,0,128,1024,Belgium_osm.spc
Belgium,50.889851,3.248213,0,128,1024,Belgium_osm.spc
Belgium,51.313384,3.122675,0,128,1024,Belgium_osm.spc
Belgium,51.303697,3.142756,0,128,1024,Belgium_osm.spc
Belgium,51.303481,3.143254,0,128,1024,Belgium_osm.spc
Belgium,51.320741,3.153162,0,128,1024,Belgium_osm.spc
Belgium,51.327233,3.182454,0,128,1024,Belgium_osm.spc
Belgium,51.328093,3.193251,0,128,1024,Belgium_osm.spc
Belgium,51.327514,3.199366,0,128,1024,Belgium_osm.spc
Belgium,50.736285,3.20708,50,128,1024,Belgium_osm.spc
Belgium,50.799409,3.250713,0,128,1024,Belgium_osm.spc
Belgium,50.799277,3.250803,0,128,1024,Belgium_osm.spc
Belgium,50.886524,3.255452,70,128,1024,Belgium_osm.spc
Belgium,50.886262,3.256484,70,128,1024,Belgium_osm.spc
Belgium,50.833983,3.258823,0,128,1024,Belgium_osm.spc
Belgium,50.804446,3.26208,0,128,1024,Belgium_osm.spc
Belgium,50.911227,3.268553,70,128,1024,Belgium_osm.spc
Belgium,50.911837,3.268632,70,128,1024,Belgium_osm.spc
Belgium,50.851475,3.269738,50,128,1024,Belgium_osm.spc
Belgium,50.856245,3.270155,50,128,1024,Belgium_osm.spc
Belgium,50.855642,3.270332,50,128,1024,Belgium_osm.spc
Belgium,50.991242,3.279055,0,128,1024,Belgium_osm.spc
Belgium,50.991567,3.279653,0,128,1024,Belgium_osm.spc
Belgium,50.836363,3.281898,50,128,1024,Belgium_osm.spc
Belgium,50.819518,3.30021,0,128,1024,Belgium_osm.spc
Belgium,50.777261,3.304563,70,128,1024,Belgium_osm.spc
Belgium,50.77725,3.304793,70,128,1024,Belgium_osm.spc
Belgium,50.85435,3.333629,0,128,1024,Belgium_osm.spc
Belgium,50.79546,3.37034,0,128,1024,Belgium_osm.spc
Belgium,50.788261,3.37982,0,128,1024,Belgium_osm.spc
Belgium,50.899971,3.402806,0,128,1024,Belgium_osm.spc
Belgium,50.900458,3.403426,0,128,1024,Belgium_osm.spc
Belgium,50.881099,3.404769,50,128,1024,Belgium_osm.spc
Belgium,50.881517,3.414764,50,128,1024,Belgium_osm.spc
Belgium,50.762654,3.436558,70,128,1024,Belgium_osm.spc
Belgium,50.875533,3.445348,50,128,1024,Belgium_osm.spc
Belgium,50.872801,3.45437,50,128,1024,Belgium_osm.spc
Belgium,50.729119,3.313124,50,128,1024,Belgium_osm.spc
Belgium,50.747758,3.319336,70,128,1024,Belgium_osm.spc
Belgium,50.747922,3.319384,70,128,1024,Belgium_osm.spc
Belgium,50.654171,3.362285,0,128,1024,Belgium_osm.spc
Belgium,50.728821,3.400441,50,128,1024,Belgium_osm.spc
Belgium,50.641271,3.418773,0,128,1024,Belgium_osm.spc
Belgium,50.647714,3.427023,0,128,1024,Belgium_osm.spc
Belgium,50.657875,3.435108,0,128,1024,Belgium_osm.spc
Belgium,50.694151,3.470006,0,128,1024,Belgium_osm.spc
Belgium,50.672239,3.484951,0,128,1024,Belgium_osm.spc
Belgium,51.007891,3.319879,70,128,1024,Belgium_osm.spc
Belgium,51.011346,3.361707,0,128,1024,Belgium_osm.spc
Belgium,51.136095,3.423539,90,128,1024,Belgium_osm.spc
Belgium,51.13517,3.423978,90,128,1024,Belgium_osm.spc
Belgium,51.142915,3.426589,0,128,1024,Belgium_osm.spc
Belgium,51.143487,3.426695,0,128,1024,Belgium_osm.spc
Belgium,51.111392,3.43321,90,128,1024,Belgium_osm.spc
Belgium,51.11083,3.433836,90,128,1024,Belgium_osm.spc
Belgium,51.104661,3.435362,90,128,1024,Belgium_osm.spc
Belgium,51.104227,3.435908,90,128,1024,Belgium_osm.spc
Belgium,51.181825,3.449267,90,128,1024,Belgium_osm.spc
Belgium,51.181458,3.44961,90,128,1024,Belgium_osm.spc
Belgium,51.204587,3.486527,50,128,1024,Belgium_osm.spc
Belgium,51.204697,3.487103,50,128,1024,Belgium_osm.spc
Belgium,51.276051,3.353613,0,128,1024,Belgium_osm.spc
Belgium,51.275946,3.354478,0,128,1024,Belgium_osm.spc
Belgium,50.729165,3.54545,0,128,1024,Belgium_osm.spc
Belgium,50.732453,3.556167,0,128,1024,Belgium_osm.spc
Belgium,50.713527,3.579531,0,128,1024,Belgium_osm.spc
Belgium,50.731025,3.588835,0,128,1024,Belgium_osm.spc
Belgium,50.515469,3.638955,120,128,1024,Belgium_osm.spc
Belgium,50.504196,3.655367,0,128,1024,Belgium_osm.spc
Belgium,50.797416,3.526268,70,128,1024,Belgium_osm.spc
Belgium,50.797546,3.52634,70,128,1024,Belgium_osm.spc
Belgium,50.813053,3.562421,70,128,1024,Belgium_osm.spc
Belgium,50.815456,3.567851,70,128,1024,Belgium_osm.spc
Belgium,50.795246,3.591305,70,128,1024,Belgium_osm.spc
Belgium,50.870006,3.607246,90,128,1024,Belgium_osm.spc
Belgium,50.881493,3.615923,90,128,1024,Belgium_osm.spc
Belgium,50.881493,3.61605,90,128,1024,Belgium_osm.spc
Belgium,50.907326,3.616487,90,128,1024,Belgium_osm.spc
Belgium,50.907316,3.616567,90,128,1024,Belgium_osm.spc
Belgium,50.909355,3.616576,0,128,1024,Belgium_osm.spc
Belgium,50.909033,3.616988,0,128,1024,Belgium_osm.spc
Belgium,50.909743,3.617234,0,128,1024,Belgium_osm.spc
Belgium,50.909436,3.61768,0,128,1024,Belgium_osm.spc
Belgium,50.928269,3.62644,90,128,1024,Belgium_osm.spc
Belgium,50.930477,3.627399,0,128,1024,Belgium_osm.spc
Belgium,50.930087,3.627957,0,128,1024,Belgium_osm.spc
Belgium,50.930871,3.627967,0,128,1024,Belgium_osm.spc
Belgium,50.930482,3.628577,0,128,1024,Belgium_osm.spc
Belgium,50.933198,3.628691,90,128,1024,Belgium_osm.spc
Belgium,50.933184,3.62881,90,128,1024,Belgium_osm.spc
Belgium,50.956802,3.645932,0,128,1024,Belgium_osm.spc
Belgium,50.956221,3.64594,0,128,1024,Belgium_osm.spc
Belgium,50.996555,3.685953,70,128,1024,Belgium_osm.spc
Belgium,50.997089,3.686224,70,128,1024,Belgium_osm.spc
Belgium,50.985474,3.688413,120,128,1024,Belgium_osm.spc
Belgium,50.985317,3.688461,120,128,1024,Belgium_osm.spc
Belgium,51.126014,3.552642,70,128,1024,Belgium_osm.spc
Belgium,51.11468,3.559187,30,128,1024,Belgium_osm.spc
Belgium,51.113155,3.562476,50,128,1024,Belgium_osm.spc
Belgium,51.104009,3.567567,50,128,1024,Belgium_osm.spc
Belgium,51.183101,3.569118,0,128,1024,Belgium_osm.spc
Belgium,51.09714,3.571866,30,128,1024,Belgium_osm.spc
Belgium,51.051105,3.655318,70,128,1024,Belgium_osm.spc
Belgium,51.051794,3.655713,70,128,1024,Belgium_osm.spc
Belgium,51.110888,3.698896,50,128,1024,Belgium_osm.spc
Belgium,51.110619,3.699787,50,128,1024,Belgium_osm.spc
Belgium,51.088314,3.72677,0,128,1024,Belgium_osm.spc
Belgium,51.088786,3.726777,0,128,1024,Belgium_osm.spc
Belgium,51.062706,3.734913,0,128,1024,Belgium_osm.spc
Belgium,50.408536,3.694169,50,128,1024,Belgium_osm.spc
Denmark,57.424381,10.041672,80,128,1024,Denmark_osm.spc
Denmark,56.200324,10.241125,80,128,1024,Denmark_osm.spc
Denmark,56.200231,10.241194,80,128,1024,Denmark_osm.spc
Denmark,55.371287,11.407459,80,128,1024,Denmark_osm.spc
Denmark,55.368824,11.416276,80,128,1024,Denmark_osm.spc
Denmark,55.745534,12.32616,70,128,1024,Denmark_osm.spc
Denmark,56.082568,8.392208,80,128,1024,Denmark_osm.spc
Denmark,56.082672,8.39716,80,128,1024,Denmark_osm.spc
Denmark,55.47422,8.53011,0,128,1024,Denmark_osm.spc
Denmark,55.469658,8.569338,0,128,1024,Denmark_osm.spc
Denmark,57.143156,9.760332,80,128,1024,Denmark_osm.spc
Denmark,57.142967,9.760656,80,128,1024,Denmark_osm.spc
FrenchGuiana,4.813648,-52.352599,80,128,1024,FrenchGuiana_osm.spc
FrenchGuiana,4.910973,-52.370535,70,128,1024,FrenchGuiana_osm.spc
FrenchGuiana,5.487306,-53.992694,0,128,1024,FrenchGuiana_osm.spc
FrenchGuiana,5.487036,-53.994125,0,128,1024,FrenchGuiana_osm.spc
FrenchGuiana,5.492014,-54.031833,0,128,1024,FrenchGuiana_osm.spc
Greece,39.515521,20.25882,0,128,1024,Greece_osm.spc
Greece,39.515399,20.259092,0,128,1024,Greece_osm.spc
Greece,39.53852,20.27428,0,128,1024,Greece_osm.spc
Greece,39.538473,20.274322,0,128,1024,Greece_osm.spc
Greece,39.541869,20.281332,0,128,1024,Greece_osm.spc
Greece,39.541845,20.281349,0,128,1024,Greece_osm.spc
Greece,39.35959,20.563043,0,128,1024,Greece_osm.spc
Greece,39.359632,20.563139,0,128,1024,Greece_osm.spc
Greece,39.889646,20.620376,0,128,1024,Greece_osm.spc
Greece,39.895761,20.622735,0,128,1024,Greece_osm.spc
Greece,39.885073,20.626012,0,128,1024,Greece_osm.spc
Greece,39.885104,20.626053,0,128,1024,Greece_osm.spc
Greece,38.933087,20.772045,0,128,1024,Greece_osm.spc
Greece,38.933123,20.772099,0,128,1024,Greece_osm.spc
Greece,38.916107,20.787037,0,128,1024,Greece_osm.spc
Greece,38.916153,20.787095,0,128,1024,Greece_osm.spc
Greece,38.908508,20.885423,0,128,1024,Greece_osm.spc
Greece,38.919757,20.901264,0,128,1024,Greece_osm.spc
Greece,39.717407,20.789703,0,128,1024,Greece_osm.spc
Greece,39.717444,20.789754,0,128,1024,Greece_osm.spc
Greece,39.713811,20.794077,0,128,1024,Greece_osm.spc
Greece,39.713853,20.79415,0,128,1024,Greece_osm.spc
Greece,39.586279,20.813202,0,128,1024,Greece_osm.spc
Greece,39.586212,20.813254,0,128,1024,Greece_osm.spc
Greece,39.6991,20.814318,0,128,1024,Greece_osm.spc
Greece,39.699155,20.814402,0,128,1024,Greece_osm.spc
Greece,39.69733,20.815996,0,128,1024,Greece_osm.spc
Greece,39.697372,20.816072,0,128,1024,Greece_osm.spc
Greece,39.689092,20.827643,0,128,1024,Greece_osm.spc
Greece,39.689163,20.827697,0,128,1024,Greece_osm.spc
Greece,39.684968,20.837271,0,128,1024,Greece_osm.spc
Greece,39.690416,20.843783,0,128,1024,Greece_osm.spc
Greece,39.690365,20.843819,0,128,1024,Greece_osm.spc
Greece,39.651986,20.959167,0,128,1024,Greece_osm.spc
Greece,39.652053,20.959346,0,128,1024,Greece_osm.spc
Greece,39.369539,20.883795,0,128,1024,Greece_osm.spc
Greece,39.369555,20.883862,0,128,1024,Greece_osm.spc
Greece,39.366722,20.884994,0,128,1024,Greece_osm.spc
Greece,39.36674,20.885071,0,128,1024,Greece_osm.spc
Greece,39.162908,20.934564,0,128,1024,Greece_osm.spc
Greece,39.162932,20.934574,0,128,1024,Greece_osm.spc
Greece,39.162968,20.934591,0,128,1024,Greece_osm.spc
Greece,39.154267,20.962466,0,128,1024,Greece_osm.spc
Greece,39.154559,20.962501,0,128,1024,Greece_osm.spc
Greece,39.138235,21.028654,0,128,1024,Greece_osm.spc
Greece,39.138289,21.028705,0,128,1024,Greece_osm.spc
Greece,39.100644,21.068306,0,128,1024,Greece_osm.spc
Greece,39.100699,21.068367,0,128,1024,Greece_osm.spc
Greece,39.046258,21.111466,50,128,1024,Greece_osm.spc
Greece,39.046318,21.111519,0,128,1024,Greece_osm.spc
Greece,39.759614,21.11204,0,128,1024,Greece_osm.spc
Greece,39.759578,21.112357,0,128,1024,Greece_osm.spc
Greece,38.951091,21.175942,0,128,1024,Greece_osm.spc
Greece,38.951098,21.176066,0,128,1024,Greece_osm.spc
Greece,38.942002,21.176771,0,128,1024,Greece_osm.spc
Greece,38.941993,21.17685,0,128,1024,Greece_osm.spc
Greece,38.803769,21.181304,0,128,1024,Greece_osm.spc
Greece,38.803758,21.181402,0,128,1024,Greece_osm.spc
Greece,38.716286,21.207266,0,128,1024,Greece_osm.spc
Greece,38.716297,21.207323,0,128,1024,Greece_osm.spc
Greece,40.49565,21.233753,0,128,1024,Greece_osm.spc
Greece,37.858183,21.26604,0,128,1024,Greece_osm.spc
Greece,37.858173,21.266048,0,128,1024,Greece_osm.spc
Greece,37.940288,21.270702,0,128,1024,Greece_osm.spc
Greece,37.940279,21.270792,0,128,1024,Greece_osm.spc
Greece,37.940801,21.270888,0,128,1024,Greece_osm.spc
Greece,37.94081,21.270964,0,128,1024,Greece_osm.spc
Greece,37.906897,21.279045,0,128,1024,Greece_osm.spc
Greece,37.905064,21.279077,0,128,1024,Greece_osm.spc
Greece,37.906915,21.279152,0,128,1024,Greece_osm.spc
Greece,37.90507,21.279175,0,128,1024,Greece_osm.spc
Greece,37.795089,21.310234,0,128,1024,Greece_osm.spc
Greece,37.795129,21.310373,0,128,1024,Greece_osm.spc
Greece,37.981891,21.321345,0,128,1024,Greece_osm.spc
Greece,37.981841,21.321491,0,128,1024,Greece_osm.spc
Greece,38.018553,21.353209,0,128,1024,Greece_osm.spc
Greece,38.01851,21.353233,0,128,1024,Greece_osm.spc
Greece,38.01895,21.354227,0,128,1024,Greece_osm.spc
Greece,38.018897,21.35426,0,128,1024,Greece_osm.spc
Greece,38.021149,21.359666,0,128,1024,Greece_osm.spc
Greece,38.021058,21.359727,0,128,1024,Greece_osm.spc
Greece,38.084253,21.406459,0,128,1024,Greece_osm.spc
Greece,38.084189,21.406568,0,128,1024,Greece_osm.spc
Greece,38.466593,21.360174,0,128,1024,Greece_osm.spc
Greece,38.466552,21.360266,0,128,1024,Greece_osm.spc
Greece,38.394473,21.425381,0,128,1024,Greece_osm.spc
Greece,38.394531,21.425456,0,128,1024,Greece_osm.spc
Greece,38.380891,21.458032,0,128,1024,Greece_osm.spc
Greece,38.38095,21.458061,0,128,1024,Greece_osm.spc
Greece,38.379089,21.471593,0,128,1024,Greece_osm.spc
Greece,38.379168,21.471612,0,128,1024,Greece_osm.spc
Greece,38.663804,21.366477,0,128,1024,Greece_osm.spc
Greece,38.66387,21.366585,0,128,1024,Greece_osm.spc
Greece,38.513232,21.379286,0,128,1024,Greece_osm.spc
Greece,38.513243,21.379331,0,128,1024,Greece_osm.spc
Greece,37.72086,21.367902,0,128,1024,Greece_osm.spc
Greece,37.720885,21.367936,0,128,1024,Greece_osm.spc
Greece,37.670215,21.475999,0,128,1024,Greece_osm.spc
Greece,37.670276,21.476006,0,128,1024,Greece_osm.spc
Greece,37.669106,21.496528,0,128,1024,Greece_osm.spc
Greece,37.669155,21.496537,0,128,1024,Greece_osm.spc
Greece,38.116701,21.513242,0,128,1024,Greece_osm.spc
Greece,38.116866,21.513373,0,128,1024,Greece_osm.spc
Greece,40.21548,21.533634,0,128,1024,Greece_osm.spc
Greece,40.215546,21.533659,0,128,1024,Greece_osm.spc
Greece,40.248396,21.612778,0,128,1024,Greece_osm.spc
Greece,40.248477,21.612917,0,128,1024,Greece_osm.spc
Greece,38.376794,21.55476,0,128,1024,Greece_osm.spc
Greece,38.376752,21.55477,0,128,1024,Greece_osm.spc
Greece,38.377246,21.557552,0,128,1024,Greece_osm.spc
Greece,38.377196,21.557565,0,128,1024,Greece_osm.spc
Greece,38.375826,21.628915,0,128,1024,Greece_osm.spc
Greece,38.375888,21.628998,0,128,1024,Greece_osm.spc
Greece,39.912954,21.573065,50,128,1024,Greece_osm.spc
Greece,39.693269,21.642739,0,128,1024,Greece_osm.spc
Greece,39.693308,21.642796,0,128,1024,Greece_osm.spc
Greece,39.650498,21.684477,0,128,1024,Greece_osm.spc
Greece,39.650001,21.685003,0,128,1024,Greece_osm.spc
Greece,39.510355,21.698624,0,128,1024,Greece_osm.spc
Greece,39.510346,21.698641,0,128,1024,Greece_osm.spc
Greece,39.512374,21.701993,0,128,1024,Greece_osm.spc
Greece,39.51239,21.702026,0,128,1024,Greece_osm.spc
Greece,39.598802,21.731951,0,128,1024,Greece_osm.spc
Greece,39.598854,21.732038,0,128,1024,Greece_osm.spc
Greece,39.495239,21.684426,0,128,1024,Greece_osm.spc
Greece,39.495211,21.684474,0,128,1024,Greece_osm.spc
Greece,37.29433,21.702514,0,128,1024,Greece_osm.spc
Greece,37.294323,21.702561,0,128,1024,Greece_osm.spc
Greece,39.571286,21.750925,0,128,1024,Greece_osm.spc
Greece,39.571344,21.750954,0,128,1024,Greece_osm.spc
Greece,39.570493,21.757107,0,128,1024,Greece_osm.spc
Greece,39.570581,21.757132,0,128,1024,Greece_osm.spc
Greece,39.516495,21.820422,0,128,1024,Greece_osm.spc
Greece,39.51653,21.820454,0,128,1024,Greece_osm.spc
Greece,39.51283,21.826476,0,128,1024,Greece_osm.spc
Greece,39.51286,21.826514,0,128,1024,Greece_osm.spc
Greece,38.378493,21.794741,0,128,1024,Greece_osm.spc
Greece,38.379469,21.796832,0,128,1024,Greece_osm.spc
Greece,38.379403,21.796881,0,128,1024,Greece_osm.spc
Greece,38.406742,21.875325,0,128,1024,Greece_osm.spc
Greece,38.406845,21.875385,0,128,1024,Greece_osm.spc
Greece,38.404165,21.919708,0,128,1024,Greece_osm.spc
Greece,38.404088,21.919742,0,128,1024,Greece_osm.spc
Greece,39.442138,21.864985,0,128,1024,Greece_osm.spc
Greece,39.442166,21.865034,0,128,1024,Greece_osm.spc
Greece,39.43621,21.869927,0,128,1024,Greece_osm.spc
Greece,39.436242,21.869974,0,128,1024,Greece_osm.spc
Greece,39.40396,21.893798,0,128,1024,Greece_osm.spc
Greece,39.40398,21.893834,0,128,1024,Greece_osm.spc
Greece,39.396287,21.899291,0,128,1024,Greece_osm.spc
Greece,39.396313,21.899362,0,128,1024,Greece_osm.spc
Greece,39.384001,21.915487,0,128,1024,Greece_osm.spc
Greece,39.384066,21.915491,0,128,1024,Greece_osm.spc
Greece,39.38064,21.936106,0,128,1024,Greece_osm.spc
Greece,39.380678,21.936172,0,128,1024,Greece_osm.spc
Greece,38.931899,21.977897,0,128,1024,Greece_osm.spc
Greece,38.931852,21.977898,0,128,1024,Greece_osm.spc
Greece,38.931792,21.98412,0,128,1024,Greece_osm.spc
Greece,38.931835,21.98413,0,128,1024,Greece_osm.spc
Greece,38.39882,22.002674,0,128,1024,Greece_osm.spc
Greece,38.39884,22.002715,0,128,1024,Greece_osm.spc
Greece,38.39736,22.007428,0,128,1024,Greece_osm.spc
Greece,37.241707,22.012419,0,128,1024,Greece_osm.spc
Greece,37.241697,22.012457,0,128,1024,Greece_osm.spc
Greece,37.049203,22.071566,0,128,1024,Greece_osm.spc
Greece,37.049254,22.07165,0,128,1024,Greece_osm.spc
Greece,40.373644,22.084815,0,128,1024,Greece_osm.spc
Greece,40.450102,22.207317,0,128,1024,Greece_osm.spc
Greece,37.359104,22.134345,0,128,1024,Greece_osm.spc
Greece,37.359192,22.134347,0,128,1024,Greece_osm.spc
Greece,37.388745,22.146482,0,128,1024,Greece_osm.spc
Greece,37.388759,22.146569,0,128,1024,Greece_osm.spc
Greece,37.40261,22.162454,0,128,1024,Greece_osm.spc
Greece,37.402571,22.16246,0,128,1024,Greece_osm.spc
Greece,39.29784,22.14809,0,128,1024,Greece_osm.spc
Greece,39.297898,22.148097,0,128,1024,Greece_osm.spc
Greece,39.28349,22.194855,0,128,1024,Greece_osm.spc
Greece,39.283467,22.194874,0,128,1024,Greece_osm.spc
Greece,38.947465,22.159214,0,128,1024,Greece_osm.spc
Greece,38.947424,22.15922,0,128,1024,Greece_osm.spc
Greece,38.934076,22.229325,0,128,1024,Greece_osm.spc
Greece,37.725889,22.228071,50,128,1024,Greece_osm.spc
Greece,37.725313,22.241931,0,128,1024,Greece_osm.spc
Greece,37.725368,22.241943,0,128,1024,Greece_osm.spc
Greece,38.928956,22.258403,0,128,1024,Greece_osm.spc
Greece,38.928966,22.258409,0,128,1024,Greece_osm.spc
Greece,38.927916,22.263191,0,128,1024,Greece_osm.spc
Greece,38.928011,22.263215,0,128,1024,Greece_osm.spc
Greece,38.917281,22.300116,0,128,1024,Greece_osm.spc
Greece,38.917267,22.300163,0,128,1024,Greece_osm.spc
Greece,38.915386,22.313072,0,128,1024,Greece_osm.spc
Greece,38.915475,22.31309,0,128,1024,Greece_osm.spc
Greece,38.908798,22.338462,0,128,1024,Greece_osm.spc
Greece,38.908877,22.338513,0,128,1024,Greece_osm.spc
Greece,38.986428,22.378517,0,128,1024,Greece_osm.spc
Greece,38.986464,22.3786,0,128,1024,Greece_osm.spc
Greece,38.935306,22.413437,0,128,1024,Greece_osm.spc
Greece,38.935341,22.413491,0,128,1024,Greece_osm.spc
Greece,38.762245,22.446858,0,128,1024,Greece_osm.spc
Greece,38.762153,22.447022,0,128,1024,Greece_osm.spc
Greece,38.753495,22.452084,0,128,1024,Greece_osm.spc
Greece,38.753553,22.452134,0,128,1024,Greece_osm.spc
Greece,39.222776,22.284031,0,128,1024,Greece_osm.spc
Greece,39.222792,22.284094,0,128,1024,Greece_osm.spc
Greece,39.118581,22.310917,0,128,1024,Greece_osm.spc
Greece,39.076091,22.316542,0,128,1024,Greece_osm.spc
Greece,39.076164,22.316597,90,128,1024,Greece_osm.spc
Greece,39.027572,22.367776,0,128,1024,Greece_osm.spc
Greece,39.022164,22.374225,0,128,1024,Greece_osm.spc
Greece,37.673736,22.296674,0,128,1024,Greece_osm.spc
Greece,37.673577,22.296748,0,128,1024,Greece_osm.spc
Greece,37.612313,22.352292,0,128,1024,Greece_osm.spc
Greece,37.612371,22.352299,0,128,1024,Greece_osm.spc
Greece,37.549209,22.396908,0,128,1024,Greece_osm.spc
Greece,37.549161,22.396992,0,128,1024,Greece_osm.spc
Greece,37.55437,22.400316,0,128,1024,Greece_osm.spc
Greece,37.554329,22.400432,0,128,1024,Greece_osm.spc
Greece,37.655016,22.467538,80,128,1024,Greece_osm.spc
Greece,37.667864,22.482318,0,128,1024,Greece_osm.spc
Greece,37.667788,22.482354,80,128,1024,Greece_osm.spc
Greece,38.393059,22.373545,0,128,1024,Greece_osm.spc
Greece,38.393044,22.373608,0,128,1024,Greece_osm.spc
Greece,38.403994,22.382542,0,128,1024,Greece_osm.spc
Greece,38.403924,22.382622,0,128,1024,Greece_osm.spc
Greece,38.492302,22.414669,0,128,1024,Greece_osm.spc
Greece,38.492346,22.414746,0,128,1024,Greece_osm.spc
Greece,38.48969,22.4173,0,128,1024,Greece_osm.spc
Greece,38.489734,22.417371,0,128,1024,Greece_osm.spc
Greece,38.478116,22.43377,50,128,1024,Greece_osm.spc
Greece,38.478114,22.433829,0,128,1024,Greece_osm.spc
Greece,38.454245,22.435169,0,128,1024,Greece_osm.spc
Greece,38.454324,22.43521,0,128,1024,Greece_osm.spc
Greece,37.489953,22.381783,0,128,1024,Greece_osm.spc
Greece,37.489978,22.381828,0,128,1024,Greece_osm.spc
Greece,37.457476,22.409076,0,128,1024,Greece_osm.spc
Greece,37.457488,22.409146,0,128,1024,Greece_osm.spc
Greece,38.530573,22.399998,0,128,1024,Greece_osm.spc
Greece,38.530502,22.400011,0,128,1024,Greece_osm.spc
Greece,38.670112,22.428116,0,128,1024,Greece_osm.spc
Greece,38.67009,22.428177,0,128,1024,Greece_osm.spc
Greece,38.676775,22.430519,0,128,1024,Greece_osm.spc
Greece,38.676762,22.43059,0,128,1024,Greece_osm.spc
Greece,38.702853,22.451602,0,128,1024,Greece_osm.spc
Greece,38.702807,22.451675,0,128,1024,Greece_osm.spc
Greece,38.718718,22.463064,0,128,1024,Greece_osm.spc
Greece,38.718723,22.463162,0,128,1024,Greece_osm.spc
Greece,39.633116,22.434929,0,128,1024,Greece_osm.spc
Greece,39.633011,22.435076,0,128,1024,Greece_osm.spc
Greece,37.050477,22.435579,0,128,1024,Greece_osm.spc
Greece,37.050477,22.435614,0,128,1024,Greece_osm.spc
Greece,36.99772,22.456766,0,128,1024,Greece_osm.spc
Greece,36.980361,22.478989,0,128,1024,Greece_osm.spc
Greece,36.802758,22.512498,70,128,1024,Greece_osm.spc
Greece,36.888559,22.520759,0,128,1024,Greece_osm.spc
Greece,38.796401,22.526054,0,128,1024,Greece_osm.spc
Greece,38.79648,22.526073,0,128,1024,Greece_osm.spc
Greece,38.798654,22.546263,0,128,1024,Greece_osm.spc
Guadeloupe,16.255113,-61.314763,70,128,1024,Guadeloupe_osm.spc
Guadeloupe,16.441374,-61.427087,80,128,1024,Guadeloupe_osm.spc
Guadeloupe,16.340034,-61.456037,50,128,1024,Guadeloupe_osm.spc
Guadeloupe,16.311557,-61.486459,50,128,1024,Guadeloupe_osm.spc
Guadeloupe,16.274347,-61.509539,50,128,1024,Guadeloupe_osm.spc
Guadeloupe,16.260394,-61.627411,0,128,1024,Guadeloupe_osm.spc
Guadeloupe,16.249155,-61.539745,50,128,1024,Guadeloupe_osm.spc
Guadeloupe,16.096697,-61.563073,50,128,1024,Guadeloupe_osm.spc
Guadeloupe,16.208111,-61.629557,70,128,1024,Guadeloupe_osm.spc
Guadeloupe,16.018389,-61.746917,50,128,1024,Guadeloupe_osm.spc
Guadeloupe,16.090748,-61.767155,70,128,1024,Guadeloupe_osm.spc
Ireland,53.392895,-6.119448,0,128,1024,Ireland_osm.spc
Ireland,53.395216,-6.123708,0,128,1024,Ireland_osm.spc
Ireland,53.426517,-6.134134,0,128,1024,Ireland_osm.spc
Ireland,53.38218,-6.149764,0,128,1024,Ireland_osm.spc
Ireland,53.435659,-6.184664,0,128,1024,Ireland_osm.spc
Ireland,53.284171,-6.214226,0,128,1024,Ireland_osm.spc
Ireland,53.280672,-6.232278,0,128,1024,Ireland_osm.spc
Ireland,53.245829,-6.200121,0,128,1024,Ireland_osm.spc
Ireland,53.34691,-6.259459,0,128,1024,Ireland_osm.spc
Ireland,53.382724,-6.265438,50,128,1024,Ireland_osm.spc
Ireland,53.289141,-6.290652,0,128,1024,Ireland_osm.spc
Ireland,53.28941,-6.320758,0,128,1024,Ireland_osm.spc
Ireland,53.292804,-6.323647,0,128,1024,Ireland_osm.spc
Ireland,53.281071,-6.331135,0,128,1024,Ireland_osm.spc
Ireland,53.395577,-6.429507,50,128,1024,Ireland_osm.spc
Ireland,53.719796,-6.375518,50,128,1024,Ireland_osm.spc
Ireland,54.064688,-6.748943,0,128,1024,Ireland_osm.spc
Ireland,52.657753,-6.666425,0,128,1024,Ireland_osm.spc
Ireland,54.01006,-6.818763,0,128,1024,Ireland_osm.spc
Ireland,54.263062,-6.876803,0,128,1024,Ireland_osm.spc
Ireland,52.905336,-6.97009,0,128,1024,Ireland_osm.spc
Ireland,53.221973,-6.99091,0,128,1024,Ireland_osm.spc
Ireland,52.619665,-7.422162,0,128,1024,Ireland_osm.spc
Ireland,52.620983,-7.423669,0,128,1024,Ireland_osm.spc
Ireland,52.351723,-7.324775,0,128,1024,Ireland_osm.spc
Ireland,52.856402,-7.595058,0,128,1024,Ireland_osm.spc
Ireland,53.779601,-8.104004,0,128,1024,Ireland_osm.spc
Ireland,52.143875,-8.395278,50,128,1024,Ireland_osm.spc
Ireland,52.146128,-8.399848,50,128,1024,Ireland_osm.spc
Ireland,51.981037,-8.527267,0,128,1024,Ireland_osm.spc
Italy,45.14239,10.002261,50,128,1024,Italy_osm.spc
Italy,45.160311,10.011776,50,128,1024,Italy_osm.spc
Italy,45.142323,10.053022,50,128,1024,Italy_osm.spc
Italy,45.216658,10.107421,50,128,1024,Italy_osm.spc
Italy,45.116756,10.133367,0,128,1024,Italy_osm.spc
Italy,44.082787,10.008221,0,128,1024,Italy_osm.spc
Italy,44.077254,10.012734,0,128,1024,Italy_osm.spc
Italy,44.076794,10.013147,0,128,1024,Italy_osm.spc
Italy,44.066275,10.031337,0,128,1024,Italy_osm.spc
Italy,44.065956,10.031859,0,128,1024,Italy_osm.spc
Italy,44.200822,10.057265,50,128,1024,Italy_osm.spc
Italy,44.024093,10.075781,40,128,1024,Italy_osm.spc
Italy,44.074291,10.094935,50,128,1024,Italy_osm.spc
Italy,44.247991,10.171491,70,128,1024,Italy_osm.spc
Italy,44.24791,10.172217,70,128,1024,Italy_osm.spc
Italy,44.561443,10.014555,0,128,1024,Italy_osm.spc
Italy,44.662993,10.092609,50,128,1024,Italy_osm.spc
Italy,44.673804,10.097257,50,128,1024,Italy_osm.spc
Italy,44.540713,10.16655,50,128,1024,Italy_osm.spc
Italy,44.854061,10.053758,50,128,1024,Italy_osm.spc
Italy,44.871576,10.20006,0,128,1024,Italy_osm.spc
Italy,44.870722,10.204358,130,128,1024,Italy_osm.spc
Italy,44.951802,10.219277,70,128,1024,Italy_osm.spc
Italy,44.818585,10.243956,0,128,1024,Italy_osm.spc
Italy,44.86181,10.247699,130,128,1024,Italy_osm.spc
Italy,45.524466,10.026948,0,128,1024,Italy_osm.spc
Italy,45.526565,10.036016,0,128,1024,Italy_osm.spc
Italy,45.666947,10.067904,0,128,1024,Italy_osm.spc
Luxembourg,49.630082,5.95633,90,128,1024,Luxembourg_osm.spc
Luxembourg,49.903686,5.960169,90,128,1024,Luxembourg_osm.spc
Luxembourg,50.08975,5.952764,90,128,1024,Luxembourg_osm.spc
Luxembourg,49.593415,6.019,90,128,1024,Luxembourg_osm.spc
Luxembourg,49.714431,6.090585,90,128,1024,Luxembourg_osm.spc
Luxembourg,49.600427,6.10173,70,128,1024,Luxembourg_osm.spc
Luxembourg,49.651876,6.118226,50,128,1024,Luxembourg_osm.spc
Luxembourg,49.613791,6.120538,0,128,1024,Luxembourg_osm.spc
Luxembourg,49.665499,6.162939,0,128,1024,Luxembourg_osm.spc
Luxembourg,49.53308,6.179972,70,128,1024,Luxembourg_osm.spc
Luxembourg,49.654249,6.182277,0,128,1024,Luxembourg_osm.spc
Luxembourg,49.661669,6.197168,90,128,1024,Luxembourg_osm.spc
Luxembourg,49.661921,6.197447,90,128,1024,Luxembourg_osm.spc
Luxembourg,49.688384,6.233857,90,128,1024,Luxembourg_osm.spc
Luxembourg,49.68868,6.234527,90,128,1024,Luxembourg_osm.spc
Luxembourg,50.040912,6.078782,90,128,1024,Luxembourg_osm.spc
Luxembourg,49.769568,6.086702,90,128,1024,Luxembourg_osm.spc
Luxembourg,49.834282,6.100001,70,128,1024,Luxembourg_osm.spc
Luxembourg,49.914395,6.105202,90,128,1024,Luxembourg_osm.spc
Luxembourg,49.750615,6.124221,70,128,1024,Luxembourg_osm.spc
Luxembourg,49.82379,6.188279,90,128,1024,Luxembourg_osm.spc
Luxembourg,49.59051,6.279104,70,128,1024,Luxembourg_osm.spc
Luxembourg,49.541998,6.287496,90,128,1024,Luxembourg_osm.spc
Luxembourg,49.58876,6.373503,70,128,1024,Luxembourg_osm.spc
Luxembourg,49.838282,6.321203,90,128,1024,Luxembourg_osm.spc
Luxembourg,49.813512,6.483871,90,128,1024,Luxembourg_osm.spc
Luxembourg,49.482077,6.33915,90,128,1024,Luxembourg_osm.spc
Luxembourg,49.482256,6.339578,90,128,1024,Luxembourg_osm.spc
Luxembourg,49.477978,6.360474,0,128,1024,Luxembourg_osm.spc
Luxembourg,49.477652,6.360854,90,128,1024,Luxembourg_osm.spc
Luxembourg,49.470539,6.366512,0,128,1024,Luxembourg_osm.spc
Malta,35.875195,14.463759,60,128,1024,Malta_osm.spc
Malta,35.887905,14.464527,0,128,1024,Malta_osm.spc
Malta,35.887955,14.464539,0,128,1024,Malta_osm.spc
Malta,35.888003,14.464664,80,128,1024,Malta_osm.spc
Malta,35.900674,14.473378,60,128,1024,Malta_osm.spc
Malta,35.914733,14.486096,60,128,1024,Malta_osm.spc
Malta,35.912076,14.486688,60,128,1024,Malta_osm.spc
Malta,35.838526,14.503892,60,128,1024,Malta_osm.spc
Malta,35.858302,14.51813,60,128,1024,Malta_osm.spc
Malta,35.858385,14.518307,60,128,1024,Malta_osm.spc
Martinique,14.59516,-60.87277,70,128,1024,Martinique_osm.spc
Martinique,14.6601,-60.9355,50,128,1024,Martinique_osm.spc
Martinique,14.696735,-60.941674,70,128,1024,Martinique_osm.spc
Martinique,14.71528,-60.948557,90,128,1024,Martinique_osm.spc
Martinique,14.663404,-60.968563,0,128,1024,Martinique_osm.spc
Martinique,14.74562,-60.97549,70,128,1024,Martinique_osm.spc
Martinique,14.634724,-60.977403,90,128,1024,Martinique_osm.spc
Martinique,14.63281,-60.97797,90,128,1024,Martinique_osm.spc
Martinique,14.587126,-60.981467,90,128,1024,Martinique_osm.spc
Martinique,14.527313,-60.982114,70,128,1024,Martinique_osm.spc
Martinique,14.592212,-60.983518,90,128,1024,Martinique_osm.spc
Martinique,14.527868,-60.995084,90,128,1024,Martinique_osm.spc
Martinique,14.468494,-60.928045,70,128,1024,Martinique_osm.spc
Martinique,14.497021,-60.976763,90,128,1024,Martinique_osm.spc
Martinique,14.604694,-61.002599,90,128,1024,Martinique_osm.spc
Martinique,14.604438,-61.002721,90,128,1024,Martinique_osm.spc
Martinique,14.657648,-61.150363,70,128,1024,Martinique_osm.spc
Martinique,14.80934,-61.0209,90,128,1024,Martinique_osm.spc
Morocco,35.202242,-3.916898,60,128,1024,Morocco_osm.spc
Morocco,35.206638,-3.917122,80,128,1024,Morocco_osm.spc
Morocco,35.199836,-3.918814,60,128,1024,Morocco_osm.spc
Morocco,35.208557,-3.919172,80,128,1024,Morocco_osm.spc
Morocco,35.196686,-3.919823,60,128,1024,Morocco_osm.spc
Morocco,35.22826,-3.930239,60,128,1024,Morocco_osm.spc
Morocco,35.230734,-3.930459,60,128,1024,Morocco_osm.spc
Morocco,31.480083,-4.216875,0,128,1024,Morocco_osm.spc
Morocco,32.497861,-4.48563,0,128,1024,Morocco_osm.spc
Morocco,33.654327,-4.862376,0,128,1024,Morocco_osm.spc
Morocco,32.759147,-4.927014,0,128,1024,Morocco_osm.spc
Morocco,33.98427,-5.02706,0,128,1024,Morocco_osm.spc
Morocco,33.968145,-5.031415,60,128,1024,Morocco_osm.spc
Morocco,33.964657,-5.031751,60,128,1024,Morocco_osm.spc
Morocco,33.957822,-5.033176,60,128,1024,Morocco_osm.spc
Morocco,33.946781,-5.076708,0,128,1024,Morocco_osm.spc
Morocco,33.944458,-5.077446,0,128,1024,Morocco_osm.spc
Morocco,31.508271,-5.03621,0,128,1024,Morocco_osm.spc
Morocco,34.04266,-5.064362,0,128,1024,Morocco_osm.spc
Morocco,34.042171,-5.067598,0,128,1024,Morocco_osm.spc
Morocco,34.042187,-5.069658,0,128,1024,Morocco_osm.spc
Morocco,34.034108,-5.096949,0,128,1024,Morocco_osm.spc
Morocco,34.033828,-5.097983,0,128,1024,Morocco_osm.spc
Morocco,34.030114,-5.108744,0,128,1024,Morocco_osm.spc
Morocco,33.441964,-5.197746,60,128,1024,Morocco_osm.spc
Morocco,33.973901,-5.254033,0,128,1024,Morocco_osm.spc
Morocco,33.973191,-5.255276,0,128,1024,Morocco_osm.spc
Morocco,33.972798,-5.256375,0,128,1024,Morocco_osm.spc
Morocco,33.536602,-5.31155,60,128,1024,Morocco_osm.spc
Morocco,33.688267,-5.371269,40,128,1024,Morocco_osm.spc
Morocco,33.670808,-5.373411,40,128,1024,Morocco_osm.spc
Morocco,35.71028,-5.3352,0,128,1024,Morocco_osm.spc
Morocco,35.69213,-5.3492,0,128,1024,Morocco_osm.spc
Morocco,35.69273,-5.34958,0,128,1024,Morocco_osm.spc
Morocco,35.82966,-5.35455,0,128,1024,Morocco_osm.spc
Morocco,33.828737,-5.505309,0,128,1024,Morocco_osm.spc
Morocco,33.829261,-5.507345,0,128,1024,Morocco_osm.spc
Morocco,33.832794,-5.514966,0,44,1024,Morocco_osm.spc
Morocco,33.832075,-5.566957,0,128,1024,Morocco_osm.spc
Morocco,33.858727,-5.592188,0,128,1024,Morocco_osm.spc
Morocco,33.859774,-5.59423,80,128,1024,Morocco_osm.spc
Morocco,33.860195,-5.595045,0,128,1024,Morocco_osm.spc
Morocco,33.842974,-5.600911,0,128,1024,Morocco_osm.spc
Morocco,31.524091,-5.51207,0,128,1024,Morocco_osm.spc
Morocco,34.942188,-5.912345,0,128,1024,Morocco_osm.spc
Morocco,34.94092,-5.912545,0,128,1024,Morocco_osm.spc
Morocco,34.930223,-5.913947,0,128,1024,Morocco_osm.spc
Morocco,34.935364,-5.914964,0,128,1024,Morocco_osm.spc
Morocco,30.684305,-6.191534,0,128,1024,Morocco_osm.spc
Morocco,34.309085,-6.320952,0,128,1024,Morocco_osm.spc
Morocco,34.292405,-6.499861,0,128,1024,Morocco_osm.spc
Morocco,34.285602,-6.52806,60,128,1024,Morocco_osm.spc
Morocco,34.250322,-6.588021,60,128,1024,Morocco_osm.spc
Morocco,34.257794,-6.589381,60,128,1024,Morocco_osm.spc
Morocco,34.27686,-6.600031,60,128,1024,Morocco_osm.spc
Morocco,34.25704,-6.600974,60,128,1024,Morocco_osm.spc
Morocco,34.273997,-6.60905,60,128,1024,Morocco_osm.spc
Morocco,34.272354,-6.625751,60,128,1024,Morocco_osm.spc
Morocco,34.104843,-6.558154,60,128,1024,Morocco_osm.spc
Morocco,34.248923,-6.56366,60,128,1024,Morocco_osm.spc
Morocco,34.247848,-6.573621,60,128,1024,Morocco_osm.spc
Morocco,34.248166,-6.597812,60,128,1024,Morocco_osm.spc
Morocco,34.239359,-6.627217,60,128,1024,Morocco_osm.spc
Morocco,34.029433,-6.654034,60,128,1024,Morocco_osm.spc
Morocco,34.208954,-6.672124,60,128,1024,Morocco_osm.spc
Morocco,34.15735,-6.711216,60,128,1024,Morocco_osm.spc
Morocco,34.02872,-6.731733,60,128,1024,Morocco_osm.spc
Morocco,30.997257,-6.656682,0,128,1024,Morocco_osm.spc
Morocco,34.074374,-6.7846,0,128,1024,Morocco_osm.spc
Morocco,33.987337,-6.785969,60,128,1024,Morocco_osm.spc
Morocco,33.947914,-6.811088,60,128,1024,Morocco_osm.spc
Morocco,33.94917,-6.812224,60,128,1024,Morocco_osm.spc
Morocco,33.956845,-6.834309,60,128,1024,Morocco_osm.spc
Morocco,33.956528,-6.834968,60,128,1024,Morocco_osm.spc
Morocco,33.80147,-7.15658,0,128,1024,Morocco_osm.spc
Morocco,33.66036,-7.40593,120,128,1024,Morocco_osm.spc
Morocco,33.65261,-7.41532,0,128,1024,Morocco_osm.spc
Morocco,33.61611,-7.47921,0,128,1024,Morocco_osm.spc
Morocco,33.56178,-7.49953,0,128,1024,Morocco_osm.spc
Morocco,33.57116,-7.52576,0,128,1024,Morocco_osm.spc
Morocco,33.5272,-7.56788,0,128,1024,Morocco_osm.spc
Morocco,33.53868,-7.57738,0,128,1024,Morocco_osm.spc
Morocco,33.57338,-7.58178,0,128,1024,Morocco_osm.spc
Morocco,33.5528,-7.6071,0,128,1024,Morocco_osm.spc
Morocco,33.55105,-7.61326,0,128,1024,Morocco_osm.spc
Morocco,33.588657,-7.633926,60,128,1024,Morocco_osm.spc
Morocco,33.584096,-7.656371,60,128,1024,Morocco_osm.spc
Morocco,33.603231,-7.660157,60,128,1024,Morocco_osm.spc
Morocco,33.593513,-7.664242,60,128,1024,Morocco_osm.spc
Morocco,33.53465,-7.66835,0,128,1024,Morocco_osm.spc
Morocco,33.592823,-7.673762,60,128,1024,Morocco_osm.spc
Morocco,33.52583,-7.68317,0,128,1024,Morocco_osm.spc
Morocco,32.962825,-7.629026,0,128,1024,Morocco_osm.spc
Morocco,32.782291,-7.773063,0,128,1024,Morocco_osm.spc
Morocco,33.45961,-7.80366,0,128,1024,Morocco_osm.spc
Morocco,33.45953,-7.80401,0,128,1024,Morocco_osm.spc
Morocco,33.35311,-7.98165,0,128,1024,Morocco_osm.spc
Morocco,32.568925,-7.822834,0,128,1024,Morocco_osm.spc
Morocco,33.3103,-8.17778,0,128,1024,Morocco_osm.spc
Morocco,33.24393,-8.46849,0,128,1024,Morocco_osm.spc
Morocco,33.24343,-8.47066,0,128,1024,Morocco_osm.spc
Morocco,30.403336,-9.568735,0,128,1024,Morocco_osm.spc
Morocco,30.396,-9.580345,0,128,1024,Morocco_osm.spc
Morocco,30.431602,-9.584444,0,128,1024,Morocco_osm.spc
Morocco,30.413177,-9.591231,0,128,1024,Morocco_osm.spc
Netherlands,51.310152,3.457266,80,128,1024,Netherlands_osm.spc
Netherlands,51.496518,3.52023,0,128,1024,Netherlands_osm.spc
Netherlands,51.45403,3.586682,50,128,1024,Netherlands_osm.spc
Netherlands,51.463415,3.592427,70,128,1024,Netherlands_osm.spc
Netherlands,51.47441,3.598424,80,128,1024,Netherlands_osm.spc
Netherlands,51.483526,3.625432,50,128,1024,Netherlands_osm.spc
Netherlands,51.701842,3.787664,80,128,1024,Netherlands_osm.spc
Netherlands,51.530011,3.868404,80,128,1024,Netherlands_osm.spc
Netherlands,51.506032,3.870741,70,128,1024,Netherlands_osm.spc
Netherlands,51.504884,3.871328,70,128,1024,Netherlands_osm.spc
Netherlands,51.402312,3.790741,0,128,1024,Netherlands_osm.spc
Netherlands,51.402326,3.790771,0,128,1024,Netherlands_osm.spc
Netherlands,51.40235,3.790814,0,128,1024,Netherlands_osm.spc
Netherlands,51.402432,3.790935,0,128,1024,Netherlands_osm.spc
Netherlands,51.402456,3.790977,0,128,1024,Netherlands_osm.spc
Netherlands,51.402476,3.791021,0,128,1024,Netherlands_osm.spc
Netherlands,51.33181,3.800689,0,128,1024,Netherlands_osm.spc
Netherlands,51.331817,3.800739,0,128,1024,Netherlands_osm.spc
Netherlands,51.331858,3.800943,0,128,1024,Netherlands_osm.spc
Netherlands,51.331863,3.800997,0,128,1024,Netherlands_osm.spc
Netherlands,51.331868,3.801045,0,128,1024,Netherlands_osm.spc
Netherlands,51.292944,3.829502,0,128,1024,Netherlands_osm.spc
Netherlands,51.815622,3.981968,50,128,1024,Netherlands_osm.spc
Netherlands,51.815716,3.983737,50,128,1024,Netherlands_osm.spc
Netherlands,51.698561,4.201529,0,128,1024,Netherlands_osm.spc
Netherlands,51.698457,4.202851,0,128,1024,Netherlands_osm.spc
Netherlands,52.013221,4.251461,0,128,1024,Netherlands_osm.spc
Netherlands,52.026741,4.272236,0,128,1024,Netherlands_osm.spc
Netherlands,52.101597,4.283214,30,128,1024,Netherlands_osm.spc
Netherlands,52.091702,4.307258,50,128,1024,Netherlands_osm.spc
Netherlands,52.108532,4.309167,0,128,1024,Netherlands_osm.spc
Netherlands,52.078368,4.326387,0,128,1024,Netherlands_osm.spc
Netherlands,52.018917,4.331345,0,128,1024,Netherlands_osm.spc
Netherlands,52.017837,4.333065,0,128,1024,Netherlands_osm.spc
Netherlands,52.001069,4.347489,0,128,1024,Netherlands_osm.spc
Netherlands,52.022,4.35226,0,128,1024,Netherlands_osm.spc
Netherlands,52.028091,4.358812,0,128,1024,Netherlands_osm.spc
Netherlands,52.025874,4.360691,0,128,1024,Netherlands_osm.spc
Netherlands,52.117844,4.377868,70,128,1024,Netherlands_osm.spc
Netherlands,52.009541,4.379455,0,128,1024,Netherlands_osm.spc
Netherlands,52.062427,4.405835,0,128,1024,Netherlands_osm.spc
Netherlands,52.061409,4.406206,0,128,1024,Netherlands_osm.spc
Netherlands,52.197796,4.419591,0,128,1024,Netherlands_osm.spc
Netherlands,52.235826,4.435736,0,128,1024,Netherlands_osm.spc
Netherlands,52.223402,4.442176,0,128,1024,Netherlands_osm.spc
Netherlands,52.224241,4.442727,60,128,1024,Netherlands_osm.spc
Netherlands,52.134279,4.463836,0,128,1024,Netherlands_osm.spc
Netherlands,52.048457,4.472518,0,128,1024,Netherlands_osm.spc
Netherlands,52.190716,4.473507,50,128,1024,Netherlands_osm.spc
Netherlands,52.190399,4.473852,0,128,1024,Netherlands_osm.spc
Netherlands,52.149938,4.474156,50,128,1024,Netherlands_osm.spc
Netherlands,52.149545,4.474505,50,128,1024,Netherlands_osm.spc
Netherlands,52.16543,4.480206,0,128,1024,Netherlands_osm.spc
Netherlands,51.860553,4.261282,30,128,1024,Netherlands_osm.spc
Netherlands,51.984329,4.334459,0,128,1024,Netherlands_osm.spc
Netherlands,51.984529,4.336119,0,128,1024,Netherlands_osm.spc
Netherlands,51.992733,4.34425,0,128,1024,Netherlands_osm.spc
Netherlands,51.99322,4.389759,0,128,1024,Netherlands_osm.spc
Netherlands,51.860042,4.394729,0,128,1024,Netherlands_osm.spc
Netherlands,51.860072,4.396144,0,128,1024,Netherlands_osm.spc
Netherlands,51.858255,4.407833,0,128,1024,Netherlands_osm.spc
Netherlands,51.858146,4.409457,0,128,1024,Netherlands_osm.spc
Netherlands,51.946823,4.42036,0,128,1024,Netherlands_osm.spc
Netherlands,51.946858,4.420438,0,128,1024,Netherlands_osm.spc
Netherlands,51.946935,4.420567,0,128,1024,Netherlands_osm.spc
Netherlands,51.946967,4.420645,0,128,1024,Netherlands_osm.spc
Netherlands,51.928506,4.431514,0,128,1024,Netherlands_osm.spc
Netherlands,51.928481,4.431539,0,128,1024,Netherlands_osm.spc
Netherlands,51.928454,4.43157,0,128,1024,Netherlands_osm.spc
Netherlands,51.928422,4.431643,0,128,1024,Netherlands_osm.spc
Netherlands,51.928399,4.431666,0,128,1024,Netherlands_osm.spc
Netherlands,51.928376,4.431694,0,128,1024,Netherlands_osm.spc
Netherlands,51.928352,4.43172,0,128,1024,Netherlands_osm.spc
Netherlands,51.935412,4.433399,0,128,1024,Netherlands_osm.spc
Netherlands,51.93544,4.433453,0,128,1024,Netherlands_osm.spc
Netherlands,51.935492,4.433554,0,128,1024,Netherlands_osm.spc
Netherlands,51.934981,4.434437,0,128,1024,Netherlands_osm.spc
Netherlands,51.935024,4.434519,0,128,1024,Netherlands_osm.spc
Netherlands,51.935086,4.434644,0,128,1024,Netherlands_osm.spc
Netherlands,51.935109,4.434686,0,128,1024,Netherlands_osm.spc
Netherlands,51.775866,4.438921,50,128,1024,Netherlands_osm.spc
Netherlands,51.931723,4.440663,0,128,1024,Netherlands_osm.spc
Netherlands,51.765412,4.443778,50,128,1024,Netherlands_osm.spc
Netherlands,51.935072,4.449109,0,128,1024,Netherlands_osm.spc
Netherlands,51.935041,4.449119,0,128,1024,Netherlands_osm.spc
Netherlands,51.935006,4.449135,0,128,1024,Netherlands_osm.spc
Netherlands,51.934979,4.449144,0,128,1024,Netherlands_osm.spc
Netherlands,51.934945,4.449158,0,128,1024,Netherlands_osm.spc
Netherlands,51.934874,4.449219,0,128,1024,Netherlands_osm.spc
Netherlands,51.934844,4.449233,0,128,1024,Netherlands_osm.spc
Netherlands,51.934813,4.449247,0,128,1024,Netherlands_osm.spc
Netherlands,51.934782,4.449258,0,128,1024,Netherlands_osm.spc
Netherlands,51.934754,4.449268,0,128,1024,Netherlands_osm.spc
Netherlands,51.928837,4.454073,0,128,1024,Netherlands_osm.spc
Netherlands,51.938732,4.462721,0,128,1024,Netherlands_osm.spc
Netherlands,51.990605,4.463431,0,128,1024,Netherlands_osm.spc
Netherlands,51.939898,4.465232,0,128,1024,Netherlands_osm.spc
Netherlands,51.939864,4.465251,0,128,1024,Netherlands_osm.spc
Netherlands,51.939828,4.465274,0,128,1024,Netherlands_osm.spc
Netherlands,51.939796,4.465292,0,128,1024,Netherlands_osm.spc
Netherlands,51.939768,4.465308,0,128,1024,Netherlands_osm.spc
Netherlands,51.905185,4.467291,0,128,1024,Netherlands_osm.spc
Netherlands,51.940073,4.467509,0,128,1024,Netherlands_osm.spc
Netherlands,51.940042,4.46752,0,128,1024,Netherlands_osm.spc
Netherlands,51.940005,4.467531,0,128,1024,Netherlands_osm.spc
Netherlands,51.939972,4.467541,0,128,1024,Netherlands_osm.spc
Netherlands,51.894114,4.471709,0,128,1024,Netherlands_osm.spc
Netherlands,51.941395,4.476811,0,128,1024,Netherlands_osm.spc
Netherlands,51.941367,4.47682,0,128,1024,Netherlands_osm.spc
Netherlands,51.941333,4.47683,0,128,1024,Netherlands_osm.spc
Netherlands,51.941299,4.47684,0,128,1024,Netherlands_osm.spc
Netherlands,51.941243,4.476897,0,128,1024,Netherlands_osm.spc
Netherlands,51.941217,4.476905,0,128,1024,Netherlands_osm.spc
Netherlands,51.941185,4.476916,0,128,1024,Netherlands_osm.spc
Netherlands,51.941158,4.476924,0,128,1024,Netherlands_osm.spc
Netherlands,51.818205,4.488571,50,128,1024,Netherlands_osm.spc
Netherlands,51.814413,4.494315,50,128,1024,Netherlands_osm.spc
Netherlands,51.813695,4.495624,50,128,1024,Netherlands_osm.spc
Netherlands,51.663049,4.445342,60,128,1024,Netherlands_osm.spc
Netherlands,51.881109,4.500137,0,128,1024,Netherlands_osm.spc
Netherlands,51.880449,4.501405,0,128,1024,Netherlands_osm.spc
Netherlands,51.875309,4.51048,0,128,1024,Netherlands_osm.spc
Netherlands,51.900808,4.510564,0,128,1024,Netherlands_osm.spc
Netherlands,51.875027,4.511263,0,128,1024,Netherlands_osm.spc
Netherlands,51.804807,4.518248,50,128,1024,Netherlands_osm.spc
Netherlands,51.804535,4.519872,50,128,1024,Netherlands_osm.spc
Netherlands,51.896202,4.540421,0,128,1024,Netherlands_osm.spc
Netherlands,51.885694,4.548119,0,128,1024,Netherlands_osm.spc
Netherlands,51.810315,4.556996,50,128,1024,Netherlands_osm.spc
Netherlands,51.955087,4.561809,0,128,1024,Netherlands_osm.spc
Netherlands,51.956546,4.563279,0,128,1024,Netherlands_osm.spc
Netherlands,51.950939,4.564108,0,128,1024,Netherlands_osm.spc
Netherlands,51.952898,4.564233,0,128,1024,Netherlands_osm.spc
Netherlands,51.950641,4.56517,0,128,1024,Netherlands_osm.spc
Netherlands,51.926657,4.566918,0,128,1024,Netherlands_osm.spc
Netherlands,51.940295,4.576583,0,128,1024,Netherlands_osm.spc
Netherlands,51.799061,4.652043,50,128,1024,Netherlands_osm.spc
Netherlands,51.797488,4.653949,50,128,1024,Netherlands_osm.spc
Netherlands,51.795352,4.656535,50,128,1024,Netherlands_osm.spc
Netherlands,51.796279,4.663584,50,128,1024,Netherlands_osm.spc
Netherlands,51.816632,4.666596,0,128,1024,Netherlands_osm.spc
Netherlands,51.832349,4.707412,80,128,1024,Netherlands_osm.spc
Netherlands,51.813907,4.707544,80,128,1024,Netherlands_osm.spc
Netherlands,51.816167,4.707726,80,128,1024,Netherlands_osm.spc
Netherlands,51.832234,4.707728,80,128,1024,Netherlands_osm.spc
Netherlands,51.816978,4.708609,50,128,1024,Netherlands_osm.spc
Netherlands,52.045223,4.506704,0,128,1024,Netherlands_osm.spc
Netherlands,52.043158,4.512724,0,128,1024,Netherlands_osm.spc
Netherlands,52.018964,4.533998,0,128,1024,Netherlands_osm.spc
Netherlands,52.01987,4.534004,0,128,1024,Netherlands_osm.spc
Netherlands,52.021088,4.606526,0,128,1024,Netherlands_osm.spc
Netherlands,52.12352,4.624848,70,128,1024,Netherlands_osm.spc
Netherlands,52.123199,4.626449,0,128,1024,Netherlands_osm.spc
Portugal,37.751851,-25.6245,30,128,1024,Portugal_osm.spc
Portugal,41.496884,-7.174725,0,128,1024,Portugal_osm.spc
Portugal,39.825896,-7.508041,50,128,1024,Portugal_osm.spc
Portugal,41.663174,-7.567229,70,128,1024,Portugal_osm.spc
Portugal,41.493321,-7.676516,120,128,1024,Portugal_osm.spc
Portugal,41.15258,-7.680253,0,128,1024,Portugal_osm.spc
Portugal,41.150197,-7.683995,0,128,1024,Portugal_osm.spc
Portugal,38.022778,-7.729757,70,128,1024,Portugal_osm.spc
Portugal,41.140608,-7.772347,100,128,1024,Portugal_osm.spc
Portugal,40.65162,-7.90785,0,128,1024,Portugal_osm.spc
Portugal,40.651558,-7.90801,0,128,1024,Portugal_osm.spc
Portugal,40.651532,-7.921286,50,128,1024,Portugal_osm.spc
Portugal,40.652537,-7.921673,0,128,1024,Portugal_osm.spc
Portugal,39.053046,-7.893755,50,128,1024,Portugal_osm.spc
Portugal,37.03253,-7.965254,0,128,1024,Portugal_osm.spc
Portugal,40.688051,-8.244551,100,128,1024,Portugal_osm.spc
Portugal,37.121916,-8.210968,70,128,1024,Portugal_osm.spc
Portugal,41.45669,-8.222389,70,128,1024,Portugal_osm.spc
Portugal,37.566532,-8.261818,0,128,1024,Portugal_osm.spc
Portugal,37.543475,-8.267386,0,128,1024,Portugal_osm.spc
Portugal,37.512547,-8.286511,0,128,1024,Portugal_osm.spc
Portugal,37.501201,-8.297789,0,128,1024,Portugal_osm.spc
Portugal,40.659809,-8.386396,100,128,1024,Portugal_osm.spc
Portugal,41.496488,-8.419401,0,128,1024,Portugal_osm.spc
Portugal,41.570643,-8.425369,0,128,1024,Portugal_osm.spc
Portugal,41.582938,-8.435493,0,128,1024,Portugal_osm.spc
Portugal,41.587757,-8.436948,0,128,1024,Portugal_osm.spc
Portugal,38.975767,-8.453026,90,128,1024,Portugal_osm.spc
Portugal,41.152161,-8.580629,80,128,1024,Portugal_osm.spc
Portugal,41.197051,-8.588751,120,128,1024,Portugal_osm.spc
Portugal,41.152762,-8.632631,0,128,1024,Portugal_osm.spc
Portugal,40.955173,-8.633431,50,128,1024,Portugal_osm.spc
Portugal,40.95492,-8.637238,50,128,1024,Portugal_osm.spc
Portugal,41.469653,-8.568954,50,128,1024,Portugal_osm.spc
Portugal,41.519842,-8.60652,70,128,1024,Portugal_osm.spc
Portugal,38.51219,-8.611339,70,128,1024,Portugal_osm.spc
Portugal,38.536722,-8.637371,70,128,1024,Portugal_osm.spc
Portugal,38.578959,-8.676962,70,128,1024,Portugal_osm.spc
Portugal,38.902657,-8.634938,50,128,1024,Portugal_osm.spc
Portugal,38.864776,-8.694177,50,128,1024,Portugal_osm.spc
Portugal,41.780234,-8.646849,120,128,1024,Portugal_osm.spc
Portugal,41.780209,-8.647192,120,128,1024,Portugal_osm.spc
Portugal,41.985905,-8.656616,0,128,1024,Portugal_osm.spc
Portugal,41.93459,-8.748048,0,128,1024,Portugal_osm.spc
Portugal,40.285296,-8.768865,0,128,1024,Portugal_osm.spc
Portugal,40.266746,-8.779157,0,128,1024,Portugal_osm.spc
Portugal,39.753085,-8.798695,50,128,1024,Portugal_osm.spc
Portugal,38.694281,-8.771793,70,128,1024,Portugal_osm.spc
Portugal,38.679422,-8.923235,70,128,1024,Portugal_osm.spc
Portugal,41.65206,-8.776597,0,128,1024,Portugal_osm.spc
Portugal,41.65974,-8.781607,0,128,1024,Portugal_osm.spc
Portugal,41.742235,-8.795295,100,128,1024,Portugal_osm.spc
Portugal,41.745531,-8.799241,120,128,1024,Portugal_osm.spc
Portugal,41.745486,-8.799356,120,128,1024,Portugal_osm.spc
Portugal,41.842504,-8.781529,100,128,1024,Portugal_osm.spc
Portugal,41.874896,-8.785036,100,128,1024,Portugal_osm.spc
Portugal,41.778566,-8.785989,120,128,1024,Portugal_osm.spc
Portugal,41.778489,-8.786053,120,128,1024,Portugal_osm.spc
Portugal,41.910753,-8.789698,0,128,1024,Portugal_osm.spc
Portugal,41.823201,-8.795907,0,128,1024,Portugal_osm.spc
Portugal,39.733927,-8.804795,40,128,1024,Portugal_osm.spc
Portugal,38.736987,-9.009357,120,128,1024,Portugal_osm.spc
Portugal,38.591359,-9.106421,50,128,1024,Portugal_osm.spc
Portugal,38.61408,-9.11862,120,128,1024,Portugal_osm.spc
Portugal,38.730241,-9.161403,50,128,1024,Portugal_osm.spc
Portugal,38.644217,-9.163514,120,128,1024,Portugal_osm.spc
Portugal,38.740908,-9.177351,80,128,1024,Portugal_osm.spc
Portugal,38.663666,-9.181114,90,128,1024,Portugal_osm.spc
Portugal,38.694865,-9.206308,50,128,1024,Portugal_osm.spc
Portugal,38.711954,-9.214591,50,128,1024,Portugal_osm.spc
Portugal,38.716749,-9.231862,120,128,1024,Portugal_osm.spc
Portugal,38.794413,-9.116826,90,128,1024,Portugal_osm.spc
Portugal,38.794354,-9.116901,90,128,1024,Portugal_osm.spc
Portugal,38.759977,-9.117179,50,128,1024,Portugal_osm.spc
Portugal,38.76017,-9.117415,50,128,1024,Portugal_osm.spc
Portugal,38.76013,-9.117434,50,128,1024,Portugal_osm.spc
Portugal,38.778976,-9.122744,80,128,1024,Portugal_osm.spc
Portugal,38.778344,-9.123737,80,128,1024,Portugal_osm.spc
Portugal,38.800224,-9.129733,90,128,1024,Portugal_osm.spc
Portugal,38.752604,-9.130507,50,128,1024,Portugal_osm.spc
Portugal,38.777987,-9.157889,90,128,1024,Portugal_osm.spc
Portugal,38.792112,-9.168695,90,128,1024,Portugal_osm.spc
Portugal,38.788152,-9.169249,50,128,1024,Portugal_osm.spc
Portugal,38.793014,-9.194837,50,128,1024,Portugal_osm.spc
Portugal,38.794575,-9.195306,50,128,1024,Portugal_osm.spc
Portugal,38.794602,-9.195434,50,128,1024,Portugal_osm.spc
Portugal,38.75393,-9.208877,70,128,1024,Portugal_osm.spc
Portugal,38.752456,-9.20994,70,128,1024,Portugal_osm.spc
Portugal,39.595114,-9.067007,0,128,1024,Portugal_osm.spc
Portugal,39.587792,-9.070923,0,128,1024,Portugal_osm.spc
Portugal,39.58098,-9.072553,0,128,1024,Portugal_osm.spc
Portugal,39.41825,-9.133889,40,128,1024,Portugal_osm.spc
Portugal,39.418151,-9.137483,40,128,1024,Portugal_osm.spc
Portugal,39.408176,-9.143958,50,128,1024,Portugal_osm.spc
Portugal,39.417011,-9.150325,0,128,1024,Portugal_osm.spc
Portugal,39.417214,-9.150404,0,128,1024,Portugal_osm.spc
Portugal,39.417747,-9.151666,0,128,1024,Portugal_osm.spc
Portugal,38.748787,-9.255076,100,128,1024,Portugal_osm.spc
Portugal,38.799692,-9.415031,50,128,1024,Portugal_osm.spc
Reunion,-21.234284,55.300273,80,128,1024,Reunion_osm.spc
Reunion,-21.236247,55.313691,110,128,1024,Reunion_osm.spc
Reunion,-20.981523,55.293914,110,128,1024,Reunion_osm.spc
Reunion,-20.886707,55.488886,70,128,1024,Reunion_osm.spc
Reunion,-21.301919,55.425705,110,128,1024,Reunion_osm.spc
Reunion,-21.314811,55.440054,110,128,1024,Reunion_osm.spc
Reunion,-21.332064,55.464994,110,128,1024,Reunion_osm.spc
Reunion,-21.302256,55.501619,90,128,1024,Reunion_osm.spc
Reunion,-21.294505,55.510454,110,128,1024,Reunion_osm.spc
Reunion,-21.369546,55.576948,50,128,1024,Reunion_osm.spc
Reunion,-21.370932,55.719307,50,128,1024,Reunion_osm.spc
Reunion,-21.001409,55.589482,50,128,1024,Reunion_osm.spc
Reunion,-21.068978,55.704774,50,128,1024,Reunion_osm.spc
Reunion,-20.984119,55.627133,50,128,1024,Reunion_osm.spc
Reunion,-20.957408,55.657336,110,128,1024,Reunion_osm.spc
Spain,38.864578,-0.016399,90,128,1024,Spain_osm.spc
Spain,38.870099,-0.026844,90,128,1024,Spain_osm.spc
Spain,39.992139,-0.022499,60,128,1024,Spain_osm.spc
Spain,39.976251,-0.059664,60,128,1024,Spain_osm.spc
Spain,39.965302,-0.063167,60,128,1024,Spain_osm.spc
Spain,39.87053,-0.12385,100,128,1024,Spain_osm.spc
Spain,39.951654,-0.129437,120,128,1024,Spain_osm.spc
Spain,39.885434,-0.13076,90,128,1024,Spain_osm.spc
Spain,39.884553,-0.131328,100,128,1024,Spain_osm.spc
Spain,40.012482,-0.028573,100,128,1024,Spain_osm.spc
Spain,40.066087,-0.034912,120,128,1024,Spain_osm.spc
Spain,41.01959,-0.09446,100,128,1024,Spain_osm.spc
Spain,41.0518,-0.1761,80,128,1024,Spain_osm.spc
Spain,38.563196,-0.09631,80,128,1024,Spain_osm.spc
Spain,38.560652,-0.117438,80,128,1024,Spain_osm.spc
Spain,38.52713,-0.201578,100,128,1024,Spain_osm.spc
Spain,42.112063,-0.161243,70,128,1024,Spain_osm.spc
Tunisia,36.729702,10.006181,0,128,1024,Tunisia_osm.spc
Tunisia,36.739526,10.21632,0,128,1024,Tunisia_osm.spc
Tunisia,36.99341,10.02724,0,128,1024,Tunisia_osm.spc
Tunisia,36.880945,10.176541,0,128,1024,Tunisia_osm.spc
Tunisia,36.84449,10.176924,0,128,1024,Tunisia_osm.spc
Tunisia,36.835057,10.201074,90,128,1024,Tunisia_osm.spc
Tunisia,36.837785,10.231501,0,128,1024,Tunisia_osm.spc
Tunisia,36.837667,10.231734,0,128,1024,Tunisia_osm.spc
Tunisia,36.809411,10.258912,0,128,1024,Tunisia_osm.spc
Tunisia,36.801843,10.26155,0,128,1024,Tunisia_osm.spc
Tunisia,36.801851,10.261701,0,128,1024,Tunisia_osm.spc
Tunisia,36.795903,10.272252,0,128,1024,Tunisia_osm.spc
Tunisia,36.860603,10.290601,0,128,1024,Tunisia_osm.spc
Tunisia,36.860525,10.290883,0,128,1024,Tunisia_osm.spc
Tunisia,36.097055,10.40303,110,128,1024,Tunisia_osm.spc
Tunisia,36.044179,10.416689,110,128,1024,Tunisia_osm.spc
Tunisia,36.620317,10.40751,110,128,1024,Tunisia_osm.spc
Tunisia,36.566911,10.514755,0,128,1024,Tunisia_osm.spc
Tunisia,36.529534,10.544861,0,128,1024,Tunisia_osm.spc
Tunisia,35.8615,10.584232,70,128,1024,Tunisia_osm.spc
UnitedKingdom,51.409484,-0.016355,0,128,1024,UnitedKingdom_osm.spc
UnitedKingdom,51.268131,-0.018459,0,128,1024,UnitedKingdom_osm.spc
UnitedKingdom,51.268306,-0.01861,0,128,1024,UnitedKingdom_osm.spc
UnitedKingdom,51.456065,-0.063967,0,128,1024,UnitedKingdom_osm.spc
UnitedKingdom,51.456056,-0.064033,0,128,1024,UnitedKingdom_osm.spc
UnitedKingdom,51.473685,-0.081329,0,128,1024,UnitedKingdom_osm.spc
UnitedKingdom,51.464666,-0.083803,0,128,1024,UnitedKingdom_osm.spc
UnitedKingdom,51.453161,-0.087079,0,128,1024,UnitedKingdom_osm.spc
UnitedKingdom,51.494052,-0.087862,0,128,1024,UnitedKingdom_osm.spc
UnitedKingdom,51.494118,-0.088214,0,128,1024,UnitedKingdom_osm.spc
UnitedKingdom,51.487859,-0.106478,0,128,1024,UnitedKingdom_osm.spc
UnitedKingdom,51.487185,-0.107141,0,128,1024,UnitedKingdom_osm.spc
UnitedKingdom,51.488631,-0.123235,0,128,1024,UnitedKingdom_osm.spc
UnitedKingdom,51.49234,-0.125285,20,128,1024,UnitedKingdom_osm.spc
UnitedKingdom,51.388582,-0.128711,30,128,1024,UnitedKingdom_osm.spc
UnitedKingdom,51.488893,-0.130098,0,128,1024,UnitedKingdom_osm.spc
UnitedKingdom,51.487659,-0.130262,0,128,1024,UnitedKingdom_osm.spc
UnitedKingdom,51.490905,-0.133968,0,128,1024,UnitedKingdom_osm.spc
UnitedKingdom,51.49149,-0.135684,0,128,1024,UnitedKingdom_osm.spc
UnitedKingdom,51.392351,-0.139483,30,128,1024,UnitedKingdom_osm.spc
UnitedKingdom,51.266242,-0.151334,30,128,1024,UnitedKingdom_osm.spc
UnitedKingdom,51.427741,-0.168433,0,128,1024,UnitedKingdom_osm.spc
UnitedKingdom,51.381457,-0.195663,0,128,1024,UnitedKingdom_osm.spc
UnitedKingdom,51.396702,-0.200255,0,128,1024,UnitedKingdom_osm.spc
UnitedKingdom,51.396289,-0.20041,0,128,1024,UnitedKingdom_osm.spc
UnitedKingdom,51.390259,-0.205524,0,128,1024,UnitedKingdom_osm.spc
UnitedKingdom,51.390326,-0.205608,0,128,1024,UnitedKingdom_osm.spc
UnitedKingdom,51.268411,-0.209754,0,128,1024,UnitedKingdom_osm.spc
UnitedKingdom,51.326621,-0.210425,40,128,1024,UnitedKingdom_osm.spc
UnitedKingdom,51.456278,-0.219137,0,128,1024,UnitedKingdom_osm.spc
UnitedKingdom,51.406994,-0.229146,0,128,1024,UnitedKingdom_osm.spc
UnitedKingdom,51.463346,-0.229635,30,128,1024,UnitedKingdom_osm.spc
UnitedKingdom,51.40155,-0.241695,50,128,1024,UnitedKingdom_osm.spc
UnitedKingdom,51.350068,-0.244138,0,128,1024,UnitedKingdom_osm.spc
UnitedKingdom,51.410096,-0.245808,50,128,1024,UnitedKingdom_osm.spc
UnitedKingdom,51.489824,-0.246095,0,128,1024,UnitedKingdom_osm.spc
UnitedKingdom,51.489654,-0.24617,0,128,1024,UnitedKingdom_osm.spc
UnitedKingdom,51.515254,-0.008568,0,128,1024,UnitedKingdom_osm.spc
UnitedKingdom,51.51524,-0.008741,0,128,1024,UnitedKingdom_osm.spc
UnitedKingdom,51.521187,-0.010424,0,128,1024,UnitedKingdom_osm.spc
UnitedKingdom,51.520757,-0.010535,0,128,1024,UnitedKingdom_osm.spc
UnitedKingdom,51.572488,-0.018825,0,128,1024,UnitedKingdom_osm.spc
UnitedKingdom,51.511207,-0.023851,0,128,1024,UnitedKingdom_osm.spc
UnitedKingdom,51.685557,-0.0244,0,128,1024,UnitedKingdom_osm.spc
UnitedKingdom,51.6054,-0.024704,50,128,1024,UnitedKingdom_osm.spc
UnitedKingdom,51.538697,-0.025879,0,128,1024,UnitedKingdom_osm.spc
UnitedKingdom,51.526676,-0.02708,0,128,1024,UnitedKingdom_osm.spc
UnitedKingdom,51.511762,-0.02764,0,128,1024,UnitedKingdom_osm.spc
UnitedKingdom,51.542681,-0.028434,0,128,1024,UnitedKingdom_osm.spc
UnitedKingdom,51.601456,-0.049646,0,128,1024,UnitedKingdom_osm.spc
UnitedKingdom,51.514411,-0.056279,0,128,1024,UnitedKingdom_osm.spc
UnitedKingdom,51.591849,-0.059205,0,128,1024,UnitedKingdom_osm.spc
UnitedKingdom,51.549164,-0.059461,0,128,1024,UnitedKingdom_osm.spc
UnitedKingdom,51.655318,-0.059524,40,128,1024,UnitedKingdom_osm.spc
UnitedKingdom,51.682702,-0.061375,0,128,1024,UnitedKingdom_osm.spc
UnitedKingdom,51.682533,-0.061467,0,128,1024,UnitedKingdom_osm.spc
UnitedKingdom,51.546324,-0.070058,0,128,1024,UnitedKingdom_osm.spc
UnitedKingdom,51.538169,-0.070296,0,128,1024,UnitedKingdom_osm.spc
UnitedKingdom,51.555281,-0.074524,0,128,1024,UnitedKingdom_osm.spc
UnitedKingdom,51.622322,-0.082244,40,128,1024,UnitedKingdom_osm.spc
UnitedKingdom,51.509152,-0.082754,0,128,1024,UnitedKingdom_osm.spc
UnitedKingdom,51.509233,-0.083969,0,128,1024,UnitedKingdom_osm.spc
UnitedKingdom,51.610615,-0.085921,40,128,1024,UnitedKingdom_osm.spc
UnitedKingdom,51.561355,-0.091716,0,128,1024,UnitedKingdom_osm.spc
UnitedKingdom,51.569015,-0.094633,0,128,1024,UnitedKingdom_osm.spc
UnitedKingdom,51.529131,-0.094996,0,128,1024,UnitedKingdom_osm.spc
UnitedKingdom,51.511,-0.095594,0,128,1024,UnitedKingdom_osm.spc
UnitedKingdom,51.547255,-0.095812,20,128,1024,UnitedKingdom_osm.spc
UnitedKingdom,51.548568,-0.098115,0,128,1024,UnitedKingdom_osm.spc
UnitedKingdom,51.569013,-0.098291,0,128,1024,UnitedKingdom_osm.spc
UnitedKingdom,51.542061,-0.09855,0,128,1024,UnitedKingdom_osm.spc
UnitedKingdom,51.536702,-0.103398,20,128,1024,UnitedKingdom_osm.spc
UnitedKingdom,51.547943,-0.106213,0,128,1024,UnitedKingdom_osm.spc
UnitedKingdom,51.525668,-0.111544,0,128,1024,UnitedKingdom_osm.spc
UnitedKingdom,51.53154,-0.111916,20,128,1024,UnitedKingdom_osm.spc
UnitedKingdom,51.560812,-0.11395,0,128,1024,UnitedKingdom_osm.spc
UnitedKingdom,51.554253,-0.114324,0,128,1024,UnitedKingdom_osm.spc
UnitedKingdom,51.65361,-0.114547,0,128,1024,UnitedKingdom_osm.spc
UnitedKingdom,51.510233,-0.116721,0,128,1024,UnitedKingdom_osm.spc
UnitedKingdom,51.540625,-0.11703,0,128,1024,UnitedKingdom_osm.spc
UnitedKingdom,51.688166,-0.120313,0,128,1024,UnitedKingdom_osm.spc
UnitedKingdom,51.688517,-0.120415,0,128,1024,UnitedKingdom_osm.spc
UnitedKingdom,51.554298,-0.121292,0,128,1024,UnitedKingdom_osm.spc
UnitedKingdom,51.652033,-0.121651,0,128,1024,UnitedKingdom_osm.spc
UnitedKingdom,51.555916,-0.121683,0,128,1024,UnitedKingdom_osm.spc
UnitedKingdom,51.549807,-0.127959,0,128,1024,UnitedKingdom_osm.spc
UnitedKingdom,51.527832,-0.129406,20,128,1024,UnitedKingdom_osm.spc
UnitedKingdom,51.531024,-0.134881,0,128,1024,UnitedKingdom_osm.spc
UnitedKingdom,51.5313,-0.135143,0,128,1024,UnitedKingdom_osm.spc
UnitedKingdom,51.544497,-0.135193,0,128,1024,UnitedKingdom_osm.spc
UnitedKingdom,51.588522,-0.135564,30,128,1024,UnitedKingdom_osm.spc
UnitedKingdom,51.52554,-0.135973,20,128,1024,UnitedKingdom_osm.spc
UnitedKingdom,51.569522,-0.137179,30,128,1024,UnitedKingdom_osm.spc
UnitedKingdom,51.569472,-0.137317,30,128,1024,UnitedKingdom_osm.spc
UnitedKingdom,51.538889,-0.138396,0,128,1024,UnitedKingdom_osm.spc
UnitedKingdom,51.524423,-0.140798,20,128,1024,UnitedKingdom_osm.spc
UnitedKingdom,51.523963,-0.145865,0,128,1024,UnitedKingdom_osm.spc
